,Senior Citizen,Partner,Dependents,Tenure,Multiple Lines,Internet Service,Online Security,Online Backup,Device Protection,Tech Support,Streaming TV,Streaming Movies,Contract,Paperless Billing,Payment Method,Monthly Charges,Cluster
2,0,1,1,2,1,1,1,1,2,2,2,2,2,1,2,53.85,1
4,0,1,1,2,1,2,2,2,2,2,2,2,2,1,3,70.7,0
5,0,1,1,8,2,2,2,2,1,2,1,1,2,1,3,99.65,0
8,0,0,1,28,2,2,2,2,1,1,1,1,2,1,3,104.8,2
13,0,1,1,49,2,2,2,1,1,2,1,1,2,1,1,103.7,2
18,0,0,0,10,1,1,2,2,1,1,2,2,2,0,0,55.2,1
20,1,1,1,1,0,1,2,2,1,2,2,1,2,1,3,39.65,1
22,0,1,1,1,1,0,0,0,0,0,0,0,2,0,2,20.15,1
26,0,0,0,47,2,2,2,1,2,2,1,1,2,1,3,99.35,2
27,0,0,0,1,0,1,2,1,2,2,2,2,2,0,3,30.2,1
29,0,1,0,17,1,1,2,2,2,2,1,1,2,1,2,64.7,0
36,0,1,1,5,1,2,2,2,2,2,2,2,2,1,3,69.7,0
38,0,1,1,34,2,2,2,1,1,2,1,1,2,1,3,106.35,2
39,0,1,1,11,2,2,2,2,1,2,1,1,2,1,1,97.85,0
47,0,1,1,2,1,2,2,2,2,2,1,2,2,1,3,80.65,0
51,0,1,1,15,1,2,1,1,2,2,1,1,2,1,0,99.1,0
53,1,0,1,8,2,2,2,1,2,2,2,2,2,1,0,80.65,0
55,1,1,1,18,2,2,2,2,2,2,1,1,2,1,3,95.45,0
64,0,1,1,9,2,2,2,2,2,2,1,1,2,0,3,94.4,0
80,0,1,0,1,1,2,2,2,2,2,1,2,2,1,3,79.35,0
82,0,0,1,7,1,2,2,2,1,2,2,2,2,1,1,75.15,0
95,0,1,1,12,2,2,1,2,2,2,2,2,2,1,3,78.95,0
97,0,1,1,5,1,0,0,0,0,0,0,0,2,0,2,21.05,1
99,1,0,1,25,1,2,2,1,1,2,1,1,2,1,3,98.5,2
104,0,0,1,68,2,2,2,1,1,1,1,1,0,1,1,110.0,2
110,0,0,1,55,2,2,1,1,2,2,1,2,2,1,3,96.75,2
113,1,0,1,37,2,2,2,2,2,2,2,2,2,1,3,76.5,2
117,0,0,0,10,2,2,1,2,2,2,1,1,2,1,3,100.25,0
122,0,1,1,3,2,2,2,2,2,2,2,2,2,1,3,74.4,0
126,1,1,1,27,2,2,2,2,1,2,2,2,2,1,3,78.05,0
131,0,0,0,25,0,1,1,1,1,2,1,1,2,1,0,58.6,1
133,0,1,1,1,0,1,2,2,2,2,2,1,2,1,3,35.45,1
134,0,1,1,2,1,1,2,2,2,2,2,2,2,0,3,44.35,1
139,1,0,1,1,1,2,2,2,2,2,2,2,2,1,2,70.45,0
141,0,1,1,8,2,1,1,2,2,1,2,1,2,0,3,71.15,0
147,0,1,1,1,1,1,2,2,2,2,2,2,2,1,3,45.65,1
151,0,1,1,7,2,2,2,2,2,2,1,1,2,0,2,95.0,0
161,0,0,1,20,2,2,1,2,2,2,2,2,2,0,3,82.4,0
166,0,1,1,4,1,2,2,2,2,2,2,2,2,1,1,70.9,0
168,1,0,1,58,0,1,2,1,1,2,2,1,2,1,3,45.3,1
171,0,0,1,2,2,2,2,2,1,1,1,1,2,1,3,104.4,0
173,0,0,1,53,1,2,2,2,1,2,1,1,1,1,1,94.85,2
176,1,1,1,15,2,2,2,2,2,2,2,2,2,1,2,74.45,0
177,1,1,1,7,1,2,1,2,2,2,2,2,2,0,1,76.45,0
180,0,1,1,1,0,1,2,1,2,2,2,2,2,0,1,29.95,1
182,0,1,1,8,2,2,2,2,2,2,2,1,2,0,1,84.5,0
184,0,1,1,13,1,2,2,1,1,2,2,2,2,1,3,79.25,0
185,0,0,1,1,0,1,2,2,2,2,2,2,2,1,3,24.8,1
191,0,0,1,6,1,2,2,1,1,2,2,1,2,1,3,91.0,0
207,0,1,1,1,1,2,2,2,2,2,2,1,2,0,3,79.9,0
208,0,1,1,19,1,2,1,2,1,1,1,1,2,1,3,106.6,0
210,0,1,1,2,1,1,2,2,2,2,2,2,2,1,0,46.0,1
220,0,1,1,4,1,2,2,2,2,2,2,2,2,1,3,70.15,0
223,0,0,1,4,1,1,2,2,2,1,2,2,2,0,2,50.05,1
227,0,0,1,1,1,1,2,2,2,2,1,2,2,0,2,55.2,1
232,0,1,1,1,1,2,1,2,2,2,2,1,2,1,2,84.6,0
235,0,1,1,2,2,1,2,1,2,2,2,2,2,1,2,54.4,1
238,1,1,1,11,1,2,2,1,2,2,1,1,2,1,3,95.0,0
247,1,1,1,15,1,2,2,1,2,2,2,2,2,1,3,74.4,0
248,0,1,1,1,1,1,1,2,2,2,2,2,2,1,2,48.55,1
251,0,0,0,2,1,2,2,2,2,2,2,2,2,0,3,70.4,0
252,1,0,1,1,0,1,2,1,2,2,1,2,2,0,3,40.2,1
258,0,0,1,2,1,1,2,2,2,2,2,2,2,1,0,44.6,1
260,1,1,1,3,0,1,2,2,1,2,2,1,2,1,3,41.15,1
261,1,1,1,13,2,2,2,1,1,2,1,1,2,1,3,106.9,0
268,0,1,1,59,1,0,0,0,0,0,0,0,0,0,2,19.35,1
270,1,1,1,16,1,2,2,2,2,1,1,1,2,1,3,94.45,0
272,0,1,1,1,0,1,2,2,2,2,2,2,2,0,1,24.8,1
274,0,1,1,1,1,2,2,2,2,2,2,2,2,0,2,70.6,0
275,0,0,1,5,2,2,2,1,2,1,2,2,2,1,3,85.4,0
276,0,0,1,52,2,2,2,1,1,2,1,1,2,1,3,105.05,2
284,0,0,0,18,1,2,2,2,1,2,1,1,2,0,2,95.15,0
287,0,0,1,1,1,2,2,2,2,2,2,2,2,0,3,70.0,0
288,1,1,1,8,1,2,2,1,2,2,2,2,2,1,3,74.5,0
289,0,1,1,10,1,1,2,2,2,2,2,2,2,1,0,44.85,1
290,1,1,1,24,2,2,2,2,2,2,2,2,2,1,3,76.1,0
299,0,1,0,1,1,2,1,2,2,2,2,2,2,1,2,73.6,0
301,1,1,1,4,2,2,2,2,2,2,1,1,2,1,3,95.45,0
306,1,0,1,32,2,2,2,2,2,2,2,2,2,1,3,74.9,0
314,0,1,1,5,1,2,2,2,2,2,1,2,2,1,3,80.6,0
317,0,0,0,38,1,1,1,1,2,1,1,1,1,0,0,80.3,2
318,1,0,1,24,1,2,2,2,1,2,1,1,2,1,3,93.15,0
320,1,1,1,54,2,1,1,1,2,1,1,1,1,0,1,82.45,2
327,1,1,1,2,1,2,2,2,2,2,2,2,2,1,3,70.35,0
333,0,1,1,7,2,2,2,2,2,2,2,2,2,1,3,73.85,0
334,0,1,1,2,2,2,2,2,1,2,2,2,2,0,2,80.6,0
335,0,0,0,68,2,1,2,1,1,1,2,1,1,1,1,75.8,2
336,0,1,1,43,2,2,2,1,1,2,1,1,0,1,3,104.6,2
339,0,0,1,63,2,2,2,1,1,2,1,1,2,1,3,103.4,2
346,0,1,1,2,1,2,2,2,2,2,1,1,2,1,3,90.4,0
353,0,0,0,4,2,2,2,1,1,2,2,2,2,1,1,84.8,0
354,1,1,1,21,0,1,1,2,2,2,1,2,2,1,3,41.9,1
355,0,1,1,10,1,2,2,2,2,2,2,1,2,1,1,80.25,0
358,1,0,1,27,0,1,1,2,2,2,2,2,2,0,0,30.75,1
365,0,1,1,5,1,2,2,2,1,2,1,1,2,0,1,96.5,0
371,0,1,1,2,2,2,2,2,2,2,1,2,2,1,3,85.65,0
377,0,0,1,25,2,2,2,2,1,1,1,1,2,1,1,104.95,2
381,0,1,1,1,1,1,2,1,2,2,2,2,2,0,2,50.65,1
383,0,1,1,1,2,2,2,1,2,2,2,1,2,1,0,90.85,0
385,1,0,1,11,1,0,0,0,0,0,0,0,2,0,2,19.95,1
386,1,0,1,55,2,2,2,1,1,2,2,2,2,1,3,85.45,2
397,0,1,1,34,1,2,2,1,2,2,2,2,2,1,0,73.95,2
402,0,0,0,69,2,2,2,2,1,2,1,1,2,1,0,99.45,2
408,0,1,1,1,1,0,0,0,0,0,0,0,2,1,2,19.9,1
409,0,1,1,1,1,0,0,0,0,0,0,0,2,1,2,19.6,1
410,1,1,1,3,2,2,2,1,2,2,2,2,2,1,3,81.35,0
418,0,0,0,22,1,2,2,1,2,2,2,1,2,0,3,83.3,0
419,1,1,1,1,1,2,2,2,1,2,2,2,2,1,1,75.3,0
430,0,0,0,61,1,0,0,0,0,0,0,0,2,1,2,19.4,1
433,0,1,1,12,1,1,2,2,2,2,2,2,2,1,1,45.4,1
445,0,1,1,60,2,2,2,1,1,2,1,1,2,1,3,105.9,2
446,0,1,1,1,1,2,2,2,2,2,2,2,2,0,2,69.55,0
453,0,0,0,28,1,2,2,2,2,2,2,1,2,1,3,81.05,0
462,0,0,0,4,2,2,2,2,1,2,1,1,2,0,3,101.15,0
463,0,1,1,7,2,2,2,1,2,2,1,1,2,1,3,99.8,0
469,0,0,0,13,1,1,2,2,2,2,2,1,2,0,3,55.95,1
471,0,1,1,1,1,1,2,2,2,2,2,1,2,1,3,55.0,1
474,0,0,0,1,1,2,2,1,2,2,2,2,2,1,3,74.7,0
475,0,1,1,24,2,2,2,1,2,2,2,2,2,1,3,80.25,0
478,0,1,1,5,1,2,2,2,2,1,1,1,2,1,3,96.1,0
479,0,1,0,15,1,2,2,2,2,2,2,2,2,0,1,69.0,0
481,0,0,1,48,0,1,1,2,1,2,2,1,2,1,1,45.3,1
484,0,0,0,8,1,2,2,1,2,2,1,2,2,1,3,83.55,0
489,0,1,0,1,2,2,2,2,2,2,2,2,2,1,3,74.35,0
492,0,0,1,2,1,2,1,2,2,2,2,2,2,1,3,74.4,0
495,0,1,1,22,0,1,2,1,1,2,2,1,1,1,1,43.75,1
498,1,1,1,5,0,1,2,1,2,2,2,2,2,0,3,28.45,1
499,0,1,1,12,2,2,1,1,1,2,2,1,2,1,1,99.7,0
505,1,1,1,20,2,2,2,1,1,2,2,1,2,1,3,94.1,0
507,0,0,1,2,1,2,2,2,2,1,1,1,2,1,3,94.2,0
508,0,0,0,6,2,2,2,2,2,1,2,2,2,1,3,80.5,0
512,1,0,1,5,2,2,2,2,2,2,2,2,2,1,3,74.35,0
515,0,1,1,40,2,2,2,2,1,1,1,1,2,0,1,104.8,2
518,1,0,1,27,1,2,1,2,2,2,2,2,2,1,1,75.2,0
523,0,1,1,23,2,2,2,2,2,2,2,2,2,0,1,75.6,0
524,0,0,1,34,2,2,2,2,1,2,1,1,2,1,3,100.05,2
534,0,1,1,1,2,2,2,2,2,2,2,1,2,1,3,85.0,0
543,0,1,1,10,2,2,2,2,2,2,1,2,2,1,1,86.05,0
544,0,1,1,13,0,1,1,2,2,1,1,2,2,1,0,45.55,1
546,0,0,0,39,1,2,2,1,2,2,1,2,2,1,2,86.3,2
554,0,1,1,32,2,2,2,1,2,2,2,2,2,1,1,80.35,2
568,0,1,1,35,2,2,2,2,1,2,1,1,2,1,3,100.25,2
573,0,0,1,56,2,2,2,1,2,2,1,1,1,0,0,100.3,2
580,0,0,0,12,1,0,0,0,0,0,0,0,2,0,2,19.0,1
581,0,1,1,1,1,2,1,2,2,2,2,2,2,0,2,75.3,0
582,1,1,1,4,2,2,2,2,1,2,1,2,2,1,3,89.2,0
585,1,1,1,1,2,2,2,2,2,2,1,2,2,1,3,85.7,0
595,0,1,1,12,2,1,1,2,1,1,2,2,2,1,2,61.65,0
609,1,0,1,65,2,2,1,2,1,2,1,1,2,0,1,105.25,2
610,0,0,0,9,0,1,2,1,2,2,2,2,2,1,3,29.95,1
611,0,0,0,9,1,1,1,1,1,1,2,2,2,0,2,65.0,0
624,0,1,1,7,1,0,0,0,0,0,0,0,2,0,1,20.0,1
629,1,0,1,49,2,2,2,1,2,2,2,1,2,0,0,90.05,2
630,1,0,0,43,2,2,2,1,1,1,1,1,2,1,1,110.75,2
635,0,0,0,65,2,2,2,1,1,2,1,1,2,1,3,105.5,2
638,1,0,0,56,2,2,1,2,1,2,1,1,1,1,1,104.55,2
639,0,0,1,10,2,2,2,2,2,2,2,1,2,1,3,85.25,0
641,0,0,0,43,1,1,2,2,2,2,1,2,2,0,3,56.15,1
642,0,1,1,1,1,2,2,2,2,2,1,1,2,1,3,89.55,0
645,1,0,1,20,2,2,2,2,2,2,1,1,2,1,3,94.55,0
646,0,1,1,1,1,1,2,2,2,2,2,2,2,1,2,45.7,1
648,1,1,1,2,2,2,2,1,2,2,2,1,2,0,3,89.5,0
650,0,1,1,3,1,2,2,2,2,2,2,2,2,1,1,69.55,0
651,0,1,1,1,1,2,2,2,1,2,2,2,2,1,2,74.6,0
654,1,1,1,8,1,0,0,0,0,0,0,0,2,0,3,19.65,1
658,0,0,0,2,1,0,0,0,0,0,0,0,1,0,2,19.85,1
660,0,1,1,4,0,1,2,2,2,2,2,2,2,1,2,24.25,1
666,0,1,1,2,1,2,2,2,2,2,2,2,2,0,3,69.65,0
668,0,1,1,4,1,1,2,2,2,2,2,2,2,0,2,45.65,1
672,0,1,1,1,2,2,2,2,2,2,2,2,2,1,2,75.05,0
674,1,1,1,52,0,1,2,1,2,2,1,1,2,1,3,49.15,1
677,0,1,1,2,0,1,2,2,2,2,2,1,2,1,3,34.7,1
680,0,0,0,1,1,2,2,2,2,2,2,1,2,0,3,80.0,0
687,1,1,1,2,1,1,1,2,2,2,2,2,2,1,3,49.25,1
693,0,1,1,3,2,2,2,2,2,2,2,2,2,1,0,75.1,0
697,0,0,0,3,1,1,2,2,1,2,2,2,2,1,3,50.15,1
705,0,1,1,25,1,2,1,1,2,2,2,2,2,1,1,79.85,0
710,0,1,1,1,1,0,0,0,0,0,0,0,2,0,2,19.55,1
722,0,0,0,4,2,2,2,2,2,2,2,1,2,1,3,85.95,0
723,0,1,1,3,1,1,2,2,2,2,2,2,2,1,3,45.35,1
724,1,0,1,33,2,2,2,2,2,2,1,1,2,1,3,94.5,2
728,1,1,1,30,2,2,1,1,1,2,2,2,2,0,0,91.7,2
730,0,1,1,45,2,2,2,2,1,1,2,2,2,1,3,87.25,2
742,0,1,1,10,2,2,1,2,2,2,1,1,2,0,3,98.55,0
755,1,1,1,20,2,2,2,2,1,2,1,1,2,1,3,98.55,0
758,0,1,0,15,1,2,2,1,2,2,2,1,2,1,1,85.9,0
761,0,1,1,22,1,2,2,2,2,2,1,1,2,0,3,89.25,0
762,0,0,1,3,1,2,2,2,2,2,2,2,2,1,3,70.3,0
771,0,1,1,15,2,2,2,2,2,2,1,1,2,1,3,93.35,0
772,0,1,1,1,1,0,0,0,0,0,0,0,2,0,2,19.9,1
773,0,0,1,5,1,2,1,2,1,2,2,1,2,1,2,88.9,0
774,0,0,1,33,1,2,2,2,1,2,1,1,1,1,3,95.8,2
777,0,1,1,2,2,2,2,1,2,2,2,2,2,1,3,82.0,0
779,0,1,1,2,1,1,2,2,2,2,2,2,2,0,3,45.35,1
783,0,1,1,1,1,1,2,2,2,1,2,2,2,1,3,52.2,1
785,1,1,1,46,2,2,1,1,1,2,1,1,1,1,3,110.0,2
799,0,1,1,62,2,2,2,2,1,2,1,1,1,1,3,96.75,2
801,0,1,1,10,2,2,2,2,2,1,1,1,2,1,3,98.5,0
804,0,1,1,6,1,2,2,1,2,2,1,2,2,1,3,85.35,0
808,0,0,1,40,2,2,2,1,2,2,1,1,2,1,3,101.3,2
809,0,1,1,1,1,2,2,2,2,2,2,2,2,1,3,69.55,0
810,0,1,1,58,2,2,2,1,1,2,1,1,1,1,1,103.25,2
811,0,1,1,70,2,2,1,2,2,1,1,1,0,1,0,104.0,2
816,0,1,1,2,1,2,2,2,1,2,2,1,2,1,2,86.2,0
818,0,0,1,21,2,2,2,1,1,1,1,1,2,1,3,111.2,2
825,0,0,0,16,1,2,2,1,1,2,1,2,2,1,0,89.45,0
826,1,0,1,7,2,2,2,2,2,2,1,1,2,1,1,95.6,0
828,0,0,0,60,1,2,2,1,1,2,1,2,1,0,3,90.95,2
830,0,0,1,50,2,2,1,1,2,1,1,1,1,0,3,108.55,2
834,1,1,1,4,1,2,2,2,2,2,1,2,2,1,3,78.85,0
837,0,1,1,1,1,1,2,2,2,2,2,2,2,0,2,44.4,1
840,1,1,1,55,2,2,2,2,1,2,1,1,1,1,3,100.0,2
842,0,0,0,12,1,0,0,0,0,0,0,0,1,0,1,19.8,1
844,0,1,1,1,1,2,2,2,2,2,1,1,2,1,3,89.9,0
855,0,1,0,62,2,2,2,2,1,2,1,1,1,1,3,100.15,2
857,0,1,1,1,1,1,2,1,2,2,2,2,2,0,3,50.8,1
862,1,0,1,20,1,2,2,1,2,2,2,2,2,1,3,73.65,0
863,0,1,1,3,1,2,2,1,2,2,1,1,2,1,3,95.1,0
864,0,1,1,22,2,2,2,2,2,2,1,1,2,1,0,94.65,0
865,0,0,1,4,1,2,2,2,1,1,2,2,2,1,2,80.6,0
868,0,0,1,59,2,2,2,2,2,2,2,1,1,0,3,85.55,2
873,0,1,1,60,0,1,2,1,2,2,1,1,2,1,3,50.8,2
876,0,1,1,15,1,2,1,2,1,1,1,1,2,0,3,105.1,0
880,0,1,1,10,1,2,1,1,1,1,1,1,2,1,3,110.1,0
882,0,1,1,6,1,2,2,2,1,2,2,1,2,0,3,83.9,0
889,0,0,0,63,2,2,1,1,1,2,1,2,2,1,3,100.55,2
891,0,0,0,50,2,2,2,1,1,2,1,1,2,1,1,103.85,2
893,0,1,1,1,0,1,2,2,2,2,2,2,2,0,3,24.6,1
898,0,1,1,12,1,2,1,2,2,1,1,1,2,1,1,98.9,0
901,0,1,1,9,2,2,2,2,1,2,1,1,2,0,0,98.3,0
902,0,1,1,17,1,2,1,2,2,2,1,1,2,0,3,93.85,0
905,1,1,1,9,2,2,2,2,1,2,1,1,2,1,3,100.5,0
910,1,1,1,10,1,2,2,1,2,2,2,2,2,1,3,72.85,0
915,1,0,1,1,2,2,2,2,2,2,2,2,2,1,3,73.55,0
926,1,1,1,3,2,2,2,1,2,2,2,2,2,1,3,79.4,0
927,0,1,1,13,1,2,2,1,1,2,2,2,2,1,3,81.15,0
933,1,1,1,4,2,2,2,2,2,2,2,1,2,1,3,84.6,0
937,0,1,1,6,2,2,1,2,2,2,2,2,2,1,3,79.05,0
945,0,1,1,3,2,2,2,2,2,2,2,2,2,0,1,74.4,0
948,1,1,1,35,2,2,2,2,1,2,1,1,2,1,3,99.05,2
950,1,1,1,2,1,1,2,2,2,2,2,2,2,0,2,44.95,1
955,0,0,1,1,1,1,2,2,2,2,2,2,2,0,0,44.7,1
964,0,1,1,1,1,1,2,2,2,2,2,2,2,1,2,45.7,1
965,1,1,1,8,1,2,1,2,2,1,1,1,2,0,0,100.3,0
966,0,1,1,7,1,0,0,0,0,0,0,0,2,0,3,19.25,1
969,0,1,1,2,2,2,2,2,2,2,1,1,2,1,3,96.0,0
970,0,1,1,1,1,2,2,2,2,2,1,1,2,0,3,90.55,0
973,1,0,1,44,0,1,2,1,2,2,2,2,2,1,3,30.35,1
975,0,1,1,71,2,2,1,2,1,1,1,1,0,1,3,108.05,2
976,0,1,1,1,1,2,2,2,2,2,2,2,2,1,3,69.9,0
978,1,0,1,62,2,2,2,1,1,2,1,1,1,1,3,103.75,2
983,0,1,1,1,2,2,2,2,2,2,2,1,2,1,3,86.6,0
985,1,0,1,33,2,2,2,1,2,2,2,2,2,1,1,80.6,2
995,0,1,1,35,2,2,2,1,2,1,2,2,2,0,0,85.3,2
996,0,1,1,34,1,2,2,2,2,2,2,2,2,1,0,70.0,0
997,1,1,1,4,2,2,2,2,2,2,1,1,2,1,3,94.3,0
1000,0,1,1,7,1,2,2,2,1,2,1,1,2,1,3,95.35,0
1001,1,0,1,27,2,2,2,2,2,2,2,2,2,1,3,75.5,0
1006,0,1,1,18,2,2,2,2,2,1,2,1,2,1,3,90.1,0
1007,0,1,1,2,1,2,2,2,2,2,2,2,2,0,3,68.95,0
1008,0,0,0,32,2,2,1,2,2,2,1,1,2,1,0,99.55,2
1014,0,0,0,18,1,1,2,2,1,2,2,1,2,0,3,57.45,1
1015,0,0,0,12,1,1,2,2,2,2,2,1,1,0,0,53.65,1
1026,1,1,1,8,2,2,2,2,1,2,1,1,2,1,3,100.6,0
1028,0,0,0,26,2,2,2,2,2,2,1,2,2,1,3,83.75,0
1029,1,0,0,3,1,2,1,2,2,1,1,2,2,1,2,88.3,0
1032,1,1,1,8,1,2,2,2,1,2,1,1,2,1,3,92.1,0
1039,0,0,1,38,1,2,1,1,2,2,2,2,2,1,3,79.45,2
1040,1,1,1,14,1,2,2,2,2,2,1,1,2,0,0,90.45,0
1043,0,0,0,32,1,2,2,2,2,2,2,2,2,1,1,69.75,0
1049,0,1,1,1,1,0,0,0,0,0,0,0,2,0,2,19.65,1
1050,1,1,1,12,0,1,2,2,1,1,2,1,2,1,3,43.65,1
1053,0,1,1,5,0,1,2,2,1,2,2,1,2,0,3,39.5,1
1054,0,0,1,40,2,2,2,2,2,2,1,1,2,1,1,97.1,2
1056,0,1,1,5,1,2,2,2,2,2,2,1,2,1,3,80.0,0
1057,0,1,1,10,1,2,1,2,2,2,1,2,2,1,2,84.7,0
1058,0,0,0,2,1,2,2,2,2,2,1,1,2,1,1,89.55,0
1059,0,1,1,23,2,2,2,2,2,1,1,2,2,1,3,90.6,0
1065,0,1,1,23,2,2,1,2,2,2,1,2,2,1,1,90.05,0
1068,0,0,1,49,2,2,2,1,2,2,1,1,2,1,1,99.05,2
1070,0,1,1,2,1,2,2,2,2,2,2,2,2,0,1,69.75,0
1071,0,1,1,2,1,1,2,1,2,2,2,2,2,1,0,49.05,1
1073,0,1,1,7,2,2,2,2,1,2,1,1,2,1,1,98.05,0
1077,0,1,1,41,2,2,1,1,1,1,1,1,2,1,1,114.5,2
1083,0,1,1,2,1,2,2,2,2,2,2,1,2,1,3,80.95,0
1085,1,1,1,13,1,2,2,2,1,2,2,2,2,1,3,74.3,0
1086,1,1,1,11,1,2,2,2,2,2,1,1,2,0,1,89.7,0
1088,1,0,1,17,2,2,2,2,1,2,1,1,2,1,0,100.45,0
1097,0,0,0,25,1,2,2,2,2,2,1,1,1,1,3,90.4,0
1102,0,0,0,3,1,1,2,1,1,2,2,2,2,1,2,56.15,1
1111,0,1,1,4,1,2,1,2,1,1,2,1,2,1,1,94.4,0
1113,0,0,1,37,2,2,2,2,1,2,2,2,2,1,0,78.95,2
1122,0,1,1,19,0,1,2,2,2,2,1,1,1,1,0,44.85,1
1125,1,0,1,39,2,2,2,1,1,2,1,1,2,1,3,105.65,2
1126,0,1,1,7,1,2,2,2,1,2,2,2,2,0,2,74.65,0
1131,0,0,1,14,2,1,1,2,2,2,1,2,2,1,1,64.7,0
1132,1,0,1,11,2,2,2,2,1,1,1,1,2,1,1,104.05,0
1144,0,1,1,1,0,1,2,2,2,2,2,1,2,1,3,35.55,1
1148,0,1,1,2,2,2,2,2,2,2,1,1,2,1,3,95.15,0
1149,0,0,0,13,1,2,2,2,1,2,1,1,2,1,2,96.65,0
1159,1,0,1,3,1,2,2,2,2,2,1,2,2,1,3,80.4,0
1161,0,1,0,1,0,1,2,1,2,2,2,2,2,1,2,31.35,1
1163,0,1,1,12,2,2,2,1,2,2,1,2,2,1,1,89.75,0
1171,0,0,1,60,1,2,2,1,2,2,1,1,1,1,3,94.4,2
1173,0,1,1,1,1,0,0,0,0,0,0,0,2,1,3,19.85,1
1176,0,1,1,6,2,2,2,1,1,1,1,1,2,1,0,109.9,0
1178,0,1,1,15,1,2,2,2,1,1,1,1,2,1,3,101.35,0
1181,1,1,1,21,1,1,2,2,1,2,1,2,2,1,1,60.05,1
1185,0,1,1,1,2,1,2,2,2,2,2,1,2,1,3,60.15,1
1192,0,1,1,7,2,2,2,2,1,2,1,2,2,1,3,90.45,0
1202,0,0,1,53,1,2,2,1,2,2,1,1,1,1,1,94.25,2
1205,0,1,1,1,2,2,2,2,2,2,2,2,2,1,3,74.9,0
1208,0,1,1,1,1,2,2,2,2,2,1,2,2,1,3,80.25,0
1210,0,0,0,17,1,2,2,2,2,2,2,2,2,1,3,69.0,0
1211,0,0,0,11,2,1,2,2,2,1,2,1,2,1,3,66.35,0
1214,0,1,1,19,2,2,2,2,2,2,2,1,2,1,1,86.0,0
1215,0,0,0,3,1,2,2,2,2,2,2,1,2,1,3,80.3,0
1218,0,1,1,24,2,2,2,1,2,2,1,2,2,1,0,90.55,0
1223,0,1,1,2,2,2,2,2,2,2,2,2,2,1,3,75.9,0
1224,0,0,0,1,1,1,2,2,2,2,2,2,2,1,2,45.85,1
1225,0,0,1,16,0,1,2,2,2,1,1,1,2,1,3,49.95,1
1232,0,0,0,34,1,2,2,2,2,2,1,2,2,0,3,78.3,2
1236,0,1,1,3,2,2,2,2,2,2,2,2,2,1,3,76.95,0
1238,1,1,1,16,2,2,2,2,2,2,1,1,2,1,3,96.15,0
1243,0,1,1,1,1,1,2,2,2,2,2,2,2,0,3,45.3,1
1244,0,1,1,15,1,0,0,0,0,0,0,0,2,0,1,19.4,1
1248,0,1,1,11,2,2,2,2,2,1,1,2,2,0,3,90.15,0
1249,0,1,1,1,1,1,2,2,2,2,2,2,2,0,2,45.05,1
1251,0,1,1,1,1,2,2,1,2,2,2,2,2,0,3,75.8,0
1253,0,1,1,7,1,2,2,2,2,2,2,1,2,1,3,79.3,0
1255,0,1,1,2,0,1,2,2,2,1,2,2,2,1,3,30.9,1
1259,1,1,1,46,1,2,2,1,2,2,1,1,1,0,0,95.25,2
1263,1,0,1,68,2,2,2,1,2,2,2,1,2,1,1,89.6,2
1268,0,0,1,59,2,2,1,1,1,2,1,1,1,1,3,110.15,2
1285,1,0,1,7,1,2,2,2,2,2,1,1,2,1,3,89.5,0
1291,0,0,1,8,1,2,1,2,2,2,2,2,2,0,3,75.0,0
1294,0,1,1,6,1,1,2,2,2,2,2,2,2,0,3,44.75,1
1299,0,0,1,11,1,1,2,2,2,2,2,2,2,1,3,44.05,1
1304,1,0,1,15,2,2,2,2,2,2,2,1,2,1,1,85.6,0
1306,0,1,1,70,2,2,1,1,1,1,1,1,1,0,0,115.55,2
1308,1,1,1,16,2,2,2,2,2,2,1,2,2,1,3,86.6,0
1309,0,1,1,18,2,2,2,2,2,2,1,2,2,1,3,85.2,0
1310,0,0,1,34,2,2,2,2,2,2,1,1,2,1,3,97.65,2
1313,0,0,1,47,2,2,2,1,1,1,1,1,2,1,3,109.55,2
1314,0,0,0,39,2,2,2,1,1,1,2,2,1,1,3,89.55,2
1319,0,1,0,1,1,0,0,0,0,0,0,0,2,1,2,19.45,1
1324,0,0,0,4,1,0,0,0,0,0,0,0,2,0,2,20.35,1
1325,1,1,1,1,1,2,2,2,2,2,2,2,2,1,3,69.25,0
1327,0,0,1,59,2,2,2,2,1,2,1,1,1,1,1,99.5,2
1334,1,1,1,1,0,1,2,2,2,2,2,2,2,1,3,25.2,1
1335,0,1,1,2,1,1,2,2,2,2,2,2,2,1,2,45.0,1
1338,0,1,1,1,1,0,0,0,0,0,0,0,2,0,2,20.15,1
1339,0,0,1,66,2,2,2,1,1,2,1,1,2,1,0,105.0,2
1341,0,1,0,3,1,1,2,2,2,2,1,2,2,1,0,54.7,1
1346,0,0,0,14,2,2,2,2,1,2,2,1,2,1,3,87.25,0
1348,0,0,1,10,1,2,2,2,2,2,1,2,2,1,3,79.95,0
1354,0,1,1,18,2,2,2,2,2,1,1,2,2,1,3,88.35,0
1359,0,1,1,9,2,2,2,2,2,2,1,1,2,1,3,94.75,0
1360,1,1,1,13,2,2,2,2,2,2,1,1,2,1,3,95.05,0
1361,0,1,1,4,2,2,2,1,2,2,2,2,2,0,3,78.45,0
1362,0,1,1,4,1,2,2,2,2,2,2,2,2,1,3,70.2,0
1365,0,0,1,59,0,1,2,1,2,2,2,1,2,1,1,41.05,1
1366,0,0,1,10,2,2,2,2,2,2,1,2,2,1,3,85.6,0
1371,1,1,1,1,1,2,2,2,2,2,1,2,2,1,3,79.2,0
1376,0,1,1,5,1,1,2,2,1,2,1,1,1,1,2,70.0,0
1383,0,1,1,1,2,1,2,2,2,2,2,2,2,1,1,49.95,1
1384,0,0,1,22,1,2,2,2,2,2,2,2,2,1,3,69.25,0
1389,1,0,1,34,2,2,2,1,1,2,2,1,2,1,3,94.25,2
1395,0,0,1,41,2,1,2,2,1,2,1,1,1,1,3,73.0,2
1396,0,1,1,64,2,2,2,2,1,2,1,1,1,1,0,100.05,2
1401,1,1,1,4,1,2,2,1,1,2,1,1,2,1,0,99.8,0
1402,0,1,0,18,0,1,2,2,2,2,2,1,2,1,3,35.0,1
1405,0,1,1,1,2,2,2,2,2,2,2,2,2,0,3,76.0,0
1410,1,1,1,2,2,2,2,2,2,2,1,1,2,1,3,93.85,0
1412,0,0,1,15,1,2,2,2,1,2,1,2,2,1,3,84.3,0
1421,1,1,1,9,2,2,2,2,2,2,2,1,2,1,0,84.4,0
1423,0,0,1,15,2,2,2,2,1,2,1,1,2,1,3,101.1,0
1428,0,1,1,1,2,1,2,2,2,2,2,2,2,1,3,50.45,1
1434,0,1,1,12,2,2,2,2,2,1,1,1,2,1,2,99.95,0
1436,0,1,1,2,2,2,2,2,1,2,1,2,2,1,3,91.4,0
1439,1,1,1,5,1,2,2,2,1,2,2,2,2,1,0,75.55,0
1447,0,1,0,4,2,2,2,2,2,1,2,2,2,0,0,80.8,0
1456,0,0,1,16,2,2,2,1,2,2,1,1,2,1,3,100.0,0
1458,0,1,1,1,1,0,0,0,0,0,0,0,2,0,3,20.55,1
1460,0,1,1,5,2,2,2,1,1,2,2,2,2,1,3,85.3,0
1463,0,1,1,4,1,2,2,2,2,2,2,2,2,0,3,70.4,0
1469,0,1,1,37,2,2,2,2,2,1,1,1,2,0,1,98.8,2
1472,0,0,0,13,2,2,2,2,2,2,2,2,2,1,0,74.4,0
1473,0,1,1,24,2,2,2,2,1,2,1,1,2,1,3,98.75,0
1477,0,0,0,61,2,2,1,1,2,2,1,1,1,1,3,106.0,2
1478,0,1,1,41,2,2,2,1,1,2,1,1,2,1,3,104.7,2
1485,1,1,1,22,2,2,2,2,2,2,1,1,2,1,3,96.7,0
1486,0,1,1,2,1,1,2,1,2,1,2,2,2,1,0,55.05,1
1492,1,1,1,19,2,2,2,1,2,2,1,2,2,1,3,88.2,0
1494,0,0,0,8,1,0,0,0,0,0,0,0,1,1,2,19.75,1
1498,1,1,1,15,2,2,2,2,2,2,2,2,2,0,3,75.65,0
1505,1,1,1,1,2,2,2,2,2,2,2,2,2,1,3,74.7,0
1509,0,1,1,17,1,2,2,2,1,2,2,2,2,1,3,76.65,0
1513,1,1,1,1,0,1,2,2,2,2,2,2,2,1,2,25.8,1
1519,0,1,1,2,0,1,1,1,2,2,2,1,2,1,3,42.6,1
1522,0,1,1,29,1,1,1,1,1,2,2,1,2,1,1,68.85,0
1530,0,0,0,2,1,2,2,2,1,1,2,1,2,0,0,90.0,0
1533,0,1,1,14,1,2,2,2,1,2,2,2,2,0,3,75.35,0
1538,0,1,1,8,2,2,2,1,2,2,1,1,2,0,3,100.85,0
1543,0,0,1,5,1,2,2,2,2,2,2,2,2,0,3,69.95,0
1547,0,0,1,63,2,2,2,1,1,2,1,1,1,1,3,107.5,2
1549,0,1,1,1,1,1,2,2,2,2,2,2,2,1,2,45.85,1
1555,0,0,1,53,1,2,1,1,1,2,1,1,1,1,1,106.1,2
1556,0,1,1,1,1,2,2,1,2,1,1,2,2,0,3,91.7,0
1558,0,1,1,16,2,2,2,1,1,2,2,1,2,1,0,95.6,0
1561,0,1,1,1,2,2,2,2,2,2,2,2,2,1,3,74.95,0
1564,1,1,1,10,2,2,2,2,2,2,1,1,2,1,3,95.35,0
1572,1,1,1,3,1,1,2,2,2,2,2,2,2,0,3,45.0,1
1575,0,1,1,66,1,2,2,1,1,2,1,1,2,0,3,99.5,2
1577,0,0,0,17,1,2,2,2,1,1,1,1,1,0,1,98.6,0
1578,0,1,1,7,1,1,2,2,2,1,1,2,2,1,2,59.5,1
1579,1,0,1,12,1,2,2,2,2,2,2,1,2,1,3,80.45,0
1592,0,0,0,42,1,2,2,2,2,2,1,2,2,1,0,77.95,2
1595,1,1,1,2,1,2,2,1,2,2,2,2,2,1,3,74.7,0
1600,1,1,1,1,2,2,2,2,1,2,1,2,2,1,3,88.8,0
1602,0,1,1,30,1,2,2,2,2,2,1,1,2,1,3,90.25,2
1603,0,1,1,15,2,1,1,2,2,2,2,1,2,1,1,64.65,0
1607,1,0,1,13,1,2,2,1,2,1,2,1,2,1,1,89.05,0
1612,0,0,0,67,2,2,2,1,1,2,2,2,1,0,3,87.4,2
1618,1,1,1,23,1,2,2,1,2,2,1,1,2,1,3,94.75,0
1621,0,1,1,35,2,2,2,2,2,2,1,2,2,1,3,86.45,2
1624,0,0,1,56,2,2,2,1,2,2,1,1,1,1,3,98.25,2
1625,0,0,1,9,1,2,2,2,1,2,2,2,2,1,1,75.75,0
1631,1,0,1,17,2,2,1,2,1,2,2,2,2,1,1,85.35,0
1632,0,1,1,48,2,2,2,1,1,2,1,1,1,1,0,106.1,2
1639,1,1,1,17,1,1,2,2,2,2,2,2,2,1,3,45.05,1
1644,0,1,1,34,2,2,1,1,1,2,1,1,2,1,2,109.8,2
1645,1,1,1,42,2,2,2,2,2,2,1,2,2,1,3,84.65,2
1647,0,0,0,11,1,2,2,2,2,2,1,2,2,1,1,79.5,0
1650,0,1,1,1,2,2,2,2,2,2,2,1,2,0,2,85.8,0
1651,1,1,1,1,1,2,2,2,2,2,1,2,2,1,3,79.1,0
1655,0,0,0,3,1,1,2,2,2,2,2,2,2,0,2,44.3,1
1658,0,0,0,50,2,2,1,2,1,2,1,1,2,0,0,105.95,2
1662,0,1,1,5,1,2,2,2,2,2,2,2,2,1,3,69.75,0
1663,0,0,1,51,2,2,2,2,2,2,1,1,2,1,3,94.65,2
1664,0,1,1,46,2,2,2,2,2,2,1,1,2,0,1,96.05,2
1670,1,1,0,1,1,1,2,2,1,2,2,2,2,1,2,50.15,1
1673,0,0,1,41,2,2,1,1,1,1,1,1,2,1,1,113.6,2
1675,0,1,1,29,1,2,2,2,2,2,1,2,2,1,3,78.9,0
1686,0,0,0,26,2,1,2,1,2,1,2,2,2,1,3,60.05,1
1694,0,1,1,1,0,1,2,2,2,2,1,2,2,1,3,34.7,1
1696,0,1,1,3,2,2,2,2,2,2,2,1,2,1,3,85.3,0
1701,0,0,0,66,2,2,2,1,1,2,1,1,1,1,0,102.45,2
1702,0,0,1,21,2,2,1,2,1,2,1,1,2,1,1,104.4,0
1704,0,1,0,1,2,2,2,2,1,2,1,1,2,1,3,99.75,0
1708,0,1,1,4,1,1,2,2,1,1,1,1,2,1,3,74.4,0
1721,0,1,1,9,1,2,1,2,2,2,2,2,2,1,0,74.25,0
1730,0,1,1,1,2,1,2,2,2,2,1,2,2,1,3,59.85,1
1731,1,1,1,1,1,2,2,2,2,2,2,2,2,1,3,69.6,0
1734,0,1,1,9,0,1,2,2,2,2,1,1,2,1,3,45.4,1
1736,0,1,1,1,1,0,0,0,0,0,0,0,2,0,2,19.5,1
1739,0,1,1,1,1,2,2,2,2,2,2,2,2,1,3,69.9,0
1742,0,1,1,2,1,2,2,1,2,2,1,2,2,1,1,87.15,0
1747,0,0,0,3,2,2,2,2,2,2,2,1,2,1,1,84.75,0
1751,0,1,1,14,2,2,2,2,2,1,1,2,2,1,3,89.95,0
1770,1,1,1,41,2,2,1,1,1,2,1,1,2,1,3,113.2,2
1771,1,1,1,13,1,2,2,2,2,2,1,1,2,1,3,90.5,0
1772,0,1,1,2,1,2,2,2,2,2,1,2,2,0,3,79.0,0
1780,0,1,0,18,1,0,0,0,0,0,0,0,1,0,1,20.15,1
1783,0,1,0,1,1,2,2,2,2,2,2,2,2,1,3,71.65,0
1784,0,1,1,4,1,0,0,0,0,0,0,0,2,0,2,20.35,1
1786,0,1,1,38,1,2,2,1,1,1,2,2,2,1,0,84.25,2
1790,0,1,1,12,1,2,2,2,2,2,2,1,2,0,1,78.1,0
1795,0,0,1,19,2,2,2,2,1,2,2,1,2,0,2,89.65,0
1799,0,1,1,10,2,2,1,2,2,2,1,1,2,1,3,98.7,0
1807,0,1,1,1,1,2,2,2,1,2,2,2,2,0,3,76.35,0
1808,0,1,1,23,2,2,2,1,2,2,2,2,2,1,3,79.15,0
1809,1,0,1,32,2,2,2,2,2,2,2,1,2,1,3,85.0,2
1821,1,0,1,32,2,2,2,2,2,2,2,1,2,0,3,85.3,2
1822,0,1,0,31,2,2,2,2,2,2,1,2,2,1,0,86.55,2
1823,0,1,1,19,1,2,2,1,2,2,2,2,2,1,0,73.85,0
1832,1,0,1,57,0,1,2,2,2,2,1,1,2,1,3,44.85,1
1834,1,1,1,1,1,1,2,2,2,2,2,2,2,0,3,45.1,1
1836,0,1,1,24,1,2,2,2,2,1,1,1,2,1,3,96.0,0
1837,0,1,1,1,1,0,0,0,0,0,0,0,2,0,1,20.05,1
1840,0,0,0,65,2,2,1,2,1,1,1,1,0,0,1,108.65,2
1849,0,1,1,10,1,1,2,2,2,2,2,2,2,1,3,45.55,1
1851,0,0,1,2,0,1,2,2,2,2,2,1,2,1,3,35.1,1
1852,0,1,1,1,1,1,2,2,2,2,2,2,2,0,0,46.2,1
1853,0,1,1,1,1,1,2,2,2,2,2,2,2,0,3,45.15,1
1854,1,1,1,1,0,1,2,1,1,2,2,1,2,1,3,43.3,1
1856,1,1,1,38,1,1,1,1,2,2,2,2,2,1,0,57.15,1
1858,0,0,1,19,1,2,1,2,2,2,2,2,2,1,3,73.2,0
1859,0,1,1,52,1,2,2,1,2,2,2,1,2,1,3,85.35,2
1861,0,1,1,1,1,1,2,2,2,2,2,2,2,0,2,45.95,1
1867,0,1,1,3,1,2,2,1,2,2,1,2,2,0,3,83.75,0
1879,0,1,1,1,1,2,2,2,2,2,2,2,2,1,3,70.05,0
1880,0,1,1,2,2,2,2,2,2,2,2,1,2,1,3,86.0,0
1883,1,0,1,35,2,2,1,1,2,1,1,2,2,1,1,100.5,2
1887,0,1,1,16,2,2,2,2,2,2,2,2,2,0,3,72.65,0
1890,0,0,0,1,1,0,0,0,0,0,0,0,2,1,3,21.0,1
1891,1,1,1,1,1,1,2,2,2,2,2,2,2,0,2,45.1,1
1897,1,0,1,30,1,1,2,1,2,2,2,2,2,1,1,50.4,1
1898,1,1,1,5,1,2,2,2,2,2,2,1,2,0,3,78.95,0
1904,0,1,1,56,2,2,2,1,2,1,2,1,2,1,3,94.45,2
1916,0,1,1,44,2,2,2,1,1,2,2,2,2,1,1,84.8,2
1919,0,1,1,1,1,1,2,2,1,2,2,2,2,0,2,50.9,1
1926,0,0,0,49,2,2,2,2,1,2,1,1,2,1,3,99.8,2
1927,0,0,0,47,2,2,2,2,1,1,1,1,2,1,1,107.35,2
1928,0,0,0,31,1,0,0,0,0,0,0,0,2,1,2,19.55,1
1934,0,1,1,3,1,2,1,1,2,2,2,2,2,1,3,79.1,0
1944,0,1,0,8,0,1,2,2,2,2,2,2,2,0,2,25.5,1
1948,0,1,1,2,1,2,2,2,2,2,2,1,2,0,3,80.75,0
1950,0,0,1,65,2,2,2,1,2,2,1,2,2,1,1,91.85,2
1953,0,1,0,1,1,2,2,1,2,2,2,2,2,1,3,75.35,0
1954,0,1,1,1,2,2,2,2,2,2,2,2,2,1,3,75.45,0
1965,0,1,1,24,1,1,1,2,2,2,2,2,2,1,1,49.55,1
1967,0,1,1,69,2,1,1,1,1,1,2,1,1,1,0,78.6,2
1970,0,0,1,7,1,2,2,2,2,2,1,2,2,1,3,81.1,0
1974,0,0,1,11,2,2,2,2,2,2,2,2,2,1,3,74.95,0
1976,1,1,1,1,2,2,2,2,2,2,1,1,2,1,3,93.55,0
1981,0,0,1,58,2,2,2,2,1,1,1,1,2,1,0,102.1,2
1984,0,0,0,14,2,2,2,1,2,2,2,1,2,1,1,90.9,0
1985,0,0,0,12,0,1,2,1,2,2,2,2,2,0,2,29.2,1
1987,0,0,0,25,1,2,2,1,1,2,1,2,2,1,1,89.15,0
1988,1,0,1,58,2,2,1,1,1,2,1,1,1,1,3,108.85,2
1990,1,1,1,16,2,2,2,2,2,2,1,2,2,1,3,84.75,0
1993,0,0,0,1,1,1,2,2,2,2,2,2,2,1,3,45.7,1
1995,1,1,1,1,1,2,2,2,2,2,2,2,2,1,3,69.95,0
1998,0,0,1,2,0,1,2,2,2,2,1,1,2,0,3,44.6,1
1999,0,1,1,23,2,2,2,2,2,2,2,2,2,1,3,74.95,0
2003,0,1,1,57,1,2,2,2,1,2,1,1,0,1,3,95.25,2
2004,0,1,1,24,2,2,2,2,1,2,1,2,2,1,2,89.85,0
2005,0,0,0,49,2,2,2,1,2,2,1,1,1,0,2,100.45,2
2006,0,1,1,5,2,1,2,2,2,2,2,2,2,0,3,47.15,1
2007,0,1,1,2,1,2,2,2,2,2,2,1,2,1,3,80.2,0
2008,0,1,0,4,2,2,2,2,1,1,2,2,2,1,2,87.1,0
2010,0,1,1,5,2,2,2,2,2,2,2,2,2,1,1,75.9,0
2012,0,0,1,47,2,2,1,1,1,2,1,2,2,1,3,98.75,2
2016,0,1,1,10,2,2,2,2,2,2,2,1,2,0,3,86.45,0
2018,0,1,1,1,1,1,2,2,2,2,2,2,2,1,2,45.3,1
2019,0,0,1,67,2,2,2,1,1,2,1,1,1,0,3,104.1,2
2023,1,0,1,5,2,2,2,1,2,2,2,2,2,1,3,81.0,0
2029,0,0,1,67,1,2,1,1,2,2,2,1,1,1,0,90.6,2
2032,0,0,1,15,1,2,2,2,2,2,1,1,2,0,3,88.15,0
2033,0,1,1,1,1,0,0,0,0,0,0,0,2,1,2,20.2,1
2038,0,0,0,26,1,2,2,2,2,2,1,1,2,1,3,90.8,0
2039,0,1,1,22,2,2,2,1,2,2,2,2,2,1,3,79.35,0
2048,1,1,1,21,1,2,2,2,1,2,1,1,2,1,1,96.8,0
2053,0,0,1,47,2,2,2,1,1,2,2,2,2,1,1,83.35,2
2054,0,1,1,2,2,1,2,2,2,2,2,2,2,1,3,49.4,1
2057,0,0,1,22,2,1,1,2,2,1,1,1,2,1,3,79.2,0
2061,0,0,0,7,1,1,2,2,1,2,2,2,2,0,3,48.7,1
2069,0,1,1,1,1,2,1,2,2,2,1,1,2,1,3,95.6,0
2070,0,1,1,49,2,1,1,1,2,2,2,2,2,1,0,59.75,2
2074,1,1,1,43,1,2,1,1,2,1,1,1,2,1,0,108.15,2
2077,0,1,1,1,1,2,2,2,2,2,2,2,2,0,3,71.35,0
2083,0,1,1,1,1,0,0,0,0,0,0,0,2,1,2,20.15,1
2084,0,1,0,1,1,2,2,2,2,2,2,2,2,0,1,69.75,0
2085,1,0,1,32,2,2,2,2,2,2,1,1,2,1,3,93.2,2
2086,0,0,0,17,1,2,2,2,2,2,1,2,2,0,3,80.85,0
2087,0,1,1,4,0,1,1,1,2,2,2,2,2,1,3,33.65,1
2095,0,1,1,1,1,2,2,2,2,2,1,2,2,1,3,79.95,0
2096,0,1,1,1,1,0,0,0,0,0,0,0,2,0,3,19.3,1
2101,0,0,1,37,2,2,1,2,1,1,2,1,1,1,3,99.2,2
2104,0,0,1,8,2,2,2,2,2,2,2,1,2,1,0,85.2,0
2105,0,1,1,3,2,2,2,2,2,2,2,2,2,0,3,75.25,0
2116,0,1,1,1,2,1,2,2,1,2,2,2,2,0,3,54.35,1
2124,0,0,1,5,0,1,2,2,2,2,2,2,2,1,3,24.95,1
2127,0,0,1,40,0,1,1,1,1,2,2,2,1,1,3,42.35,1
2129,0,1,1,1,2,2,2,2,2,2,2,2,2,1,3,75.3,0
2130,0,1,1,51,2,2,1,1,2,2,1,2,1,1,3,94.8,2
2133,1,1,1,1,1,2,2,2,2,2,2,2,2,1,3,70.55,0
2140,0,0,0,33,2,2,2,2,2,2,2,1,2,0,0,86.15,2
2155,0,0,1,30,2,2,2,2,2,2,2,1,2,1,3,85.0,2
2156,0,1,1,2,1,2,2,2,2,2,2,1,2,0,3,80.55,0
2161,0,1,1,2,1,2,2,2,1,2,2,2,2,1,3,75.8,0
2163,1,0,1,29,2,2,2,2,1,2,1,1,2,1,3,98.5,2
2167,1,0,1,13,2,2,2,2,2,2,1,1,2,1,3,95.25,0
2168,1,0,1,7,2,2,2,2,2,2,2,2,2,1,2,74.4,0
2175,0,1,1,30,1,2,2,2,2,1,1,2,2,0,3,85.15,0
2184,1,1,1,2,2,2,2,2,1,2,2,1,2,1,3,88.55,0
2185,0,0,0,24,2,1,1,2,2,2,2,2,2,0,3,54.75,1
2191,1,1,1,1,1,2,2,2,2,2,1,1,2,1,3,91.3,0
2194,0,1,1,1,1,2,2,2,2,2,1,2,2,1,3,79.5,0
2202,1,0,1,7,1,2,2,2,2,2,2,2,2,1,2,70.1,0
2204,0,0,0,67,2,2,1,1,1,2,1,1,1,1,3,111.3,2
2206,1,0,1,57,2,2,2,1,1,2,2,1,2,1,1,95.25,2
2207,0,0,1,7,1,2,2,2,1,2,1,2,2,1,3,86.25,0
2208,1,0,1,1,2,2,2,2,1,2,1,1,2,1,3,100.8,0
2214,0,1,1,14,1,2,2,1,2,2,2,1,2,1,3,86.3,0
2223,0,1,1,28,2,2,2,1,2,2,2,1,2,1,3,89.95,2
2224,1,0,1,17,1,2,2,1,2,2,2,2,2,1,3,76.45,0
2231,0,1,1,10,1,2,2,2,2,2,2,2,2,1,3,70.0,0
2244,0,1,1,34,2,1,1,1,2,1,2,2,1,1,2,64.4,0
2246,0,0,0,1,2,2,1,2,1,2,1,1,2,1,3,102.45,0
2260,0,1,1,3,1,2,2,2,1,1,2,2,2,0,0,80.1,0
2262,0,1,1,2,1,2,2,2,2,2,1,2,2,1,3,80.2,0
2263,0,1,1,6,1,2,1,1,1,1,2,1,2,1,1,98.15,0
2265,0,1,1,12,2,2,2,1,1,1,1,1,2,1,2,112.95,0
2269,0,1,1,1,1,2,2,2,2,2,2,2,2,0,2,70.9,0
2270,1,1,1,3,1,2,2,2,1,2,1,2,2,1,3,86.85,0
2274,0,0,0,23,1,2,1,2,2,1,1,1,2,1,3,99.85,0
2275,0,0,0,1,2,2,2,2,2,2,2,2,2,1,3,74.5,0
2277,0,1,1,65,2,2,2,1,1,1,1,1,2,1,3,109.15,2
2281,0,1,1,16,2,1,2,2,1,2,2,1,2,1,0,65.2,0
2282,1,0,0,66,2,2,2,2,1,2,1,1,2,1,0,99.5,2
2283,0,1,1,1,1,2,2,2,2,2,2,2,2,1,2,71.55,0
2285,0,0,1,53,2,2,1,2,1,2,2,1,2,0,3,93.9,2
2287,1,0,1,69,2,2,2,1,1,1,1,1,0,1,1,108.4,2
2290,0,0,1,13,0,1,2,2,1,2,1,1,2,1,1,48.75,1
2291,0,1,1,4,2,2,2,2,2,2,1,2,2,1,3,85.65,0
2294,0,1,1,12,2,2,2,1,1,2,1,1,2,1,3,106.7,0
2295,0,1,1,1,0,1,2,2,2,2,2,2,2,1,3,25.15,1
2297,0,0,1,54,2,2,2,1,1,1,1,1,1,0,3,110.35,2
2300,0,0,0,48,2,2,1,1,2,2,1,1,1,1,0,103.25,2
2303,0,1,1,2,1,1,1,2,2,2,2,2,2,1,3,47.8,1
2323,0,1,1,29,2,2,2,2,1,2,1,1,2,1,0,98.6,2
2324,1,0,1,15,2,2,2,2,1,1,2,2,2,1,3,83.05,0
2336,0,0,1,17,1,2,2,2,2,2,2,2,2,1,1,70.4,0
2337,1,1,1,56,2,2,2,1,1,2,1,1,1,1,1,104.75,2
2339,1,1,1,21,2,2,2,2,2,2,1,1,2,1,3,94.25,0
2361,0,1,0,1,1,1,2,2,2,2,2,2,2,0,2,45.95,1
2366,1,1,1,1,1,2,2,2,2,2,2,2,2,1,3,70.15,0
2367,0,1,1,1,1,2,2,2,1,2,1,2,2,1,0,85.55,0
2378,0,0,1,35,1,2,2,2,2,2,2,2,2,1,3,70.3,2
2379,1,0,1,32,2,2,2,1,1,2,1,1,2,0,1,106.35,2
2393,0,0,0,33,2,2,1,2,1,2,1,1,1,1,2,103.7,2
2397,0,1,1,1,1,2,2,2,2,2,1,1,2,1,3,88.35,0
2405,0,0,0,8,1,2,2,2,1,2,1,1,2,1,3,94.2,0
2406,0,1,1,5,1,2,2,1,2,2,1,1,2,1,3,96.25,0
2407,0,0,1,2,1,2,2,2,2,2,2,2,2,1,3,70.7,0
2412,0,0,1,42,0,1,2,1,2,1,2,2,1,0,2,33.55,1
2415,1,0,0,40,2,2,2,2,2,2,1,1,2,1,0,94.55,2
2424,0,1,1,57,2,2,1,1,1,2,1,1,0,1,1,112.95,2
2427,0,1,1,1,0,1,2,2,2,2,2,1,2,0,3,35.9,1
2428,0,1,0,38,2,2,2,2,1,2,1,1,2,1,1,99.25,2
2431,1,1,1,2,0,1,2,2,2,2,2,2,2,1,2,24.45,1
2438,0,1,1,8,2,2,1,2,2,1,1,1,2,1,1,103.35,0
2442,1,1,1,7,2,2,2,2,2,2,1,2,2,1,3,84.8,0
2444,1,1,1,31,2,2,2,1,2,2,1,1,2,1,3,99.95,2
2446,0,1,1,18,2,2,2,1,2,2,1,2,2,1,0,90.0,0
2448,1,1,1,14,2,2,2,1,1,2,1,1,2,1,3,104.85,0
2451,0,0,0,28,2,2,1,1,2,2,1,1,1,0,3,106.1,2
2452,1,1,1,15,2,2,2,2,2,2,2,2,2,1,0,74.2,0
2455,0,1,1,5,1,2,2,1,2,1,2,1,2,1,3,89.35,0
2464,0,1,1,1,2,2,2,2,2,2,2,2,2,1,3,77.15,0
2465,0,1,1,1,0,1,2,2,2,2,2,1,2,1,1,35.25,1
2468,0,0,1,4,0,1,2,1,2,2,1,1,2,1,3,48.55,1
2471,0,0,1,53,2,2,2,1,2,2,1,1,2,1,0,98.4,2
2480,1,0,1,59,2,2,2,2,2,2,1,1,2,1,1,93.85,2
2483,1,0,0,46,2,2,1,1,1,2,1,2,2,1,3,100.7,2
2485,0,1,1,14,2,2,2,2,1,2,2,2,2,1,3,80.45,0
2488,0,1,1,31,1,1,2,2,1,1,2,2,2,1,3,55.25,1
2492,0,0,1,13,0,1,1,2,2,1,1,1,2,1,3,54.45,1
2494,0,1,1,35,2,2,2,2,2,2,2,2,2,0,0,75.35,2
2504,0,1,1,2,1,2,1,2,2,2,2,2,2,1,3,75.7,0
2510,0,1,1,1,2,2,2,2,2,2,2,2,2,1,2,74.25,0
2514,1,1,1,25,2,2,2,1,2,2,2,1,2,1,3,89.7,0
2516,1,1,1,16,2,2,2,2,2,2,1,1,2,1,3,96.4,0
2517,1,1,1,1,1,2,2,2,2,2,2,2,2,1,1,69.5,0
2521,1,0,1,36,2,2,2,2,2,2,2,1,2,1,0,85.25,2
2526,0,1,1,1,1,0,0,0,0,0,0,0,2,0,2,19.4,1
2527,0,1,1,9,2,2,2,2,2,2,2,1,2,1,3,83.3,0
2528,0,1,1,8,1,2,2,2,2,2,1,2,2,1,1,80.1,0
2529,1,1,1,45,1,1,1,2,1,2,2,1,1,0,0,62.7,2
2536,0,1,1,25,2,0,0,0,0,0,0,0,1,0,1,25.3,1
2543,0,1,1,13,2,2,1,2,2,2,1,1,2,0,2,98.15,0
2560,0,1,1,46,2,2,1,1,2,2,2,1,2,1,3,93.7,2
2563,1,1,1,25,2,2,2,1,1,2,1,1,2,0,2,105.95,2
2564,0,1,1,18,2,1,2,2,1,1,1,1,1,1,0,82.0,0
2567,0,0,1,60,2,2,2,1,1,2,1,2,2,1,3,95.75,2
2570,0,0,1,30,2,2,2,2,2,2,1,1,2,1,0,94.05,2
2573,0,1,1,1,1,1,2,2,2,2,2,1,2,1,2,54.75,1
2574,1,1,1,39,2,2,2,2,2,2,1,1,2,1,1,95.65,2
2577,0,1,1,1,2,2,2,2,2,2,1,1,2,1,3,94.6,0
2578,1,0,0,31,1,2,2,2,1,1,1,1,2,1,3,98.9,2
2589,1,1,1,3,2,2,2,2,2,2,2,2,2,1,3,76.05,0
2607,1,1,1,1,1,2,2,2,2,2,2,2,2,1,3,69.75,0
2608,0,0,0,7,0,1,1,2,2,1,2,2,2,1,3,34.5,1
2609,0,0,1,61,2,2,2,1,1,2,1,1,2,1,3,105.55,2
2610,0,1,0,39,0,1,2,2,1,2,2,2,2,0,0,30.1,1
2611,0,0,1,10,1,2,2,2,2,2,2,2,2,1,3,70.3,0
2613,0,1,1,1,2,2,2,1,2,2,2,2,2,1,2,80.2,0
2614,0,0,0,67,2,2,1,2,2,1,2,1,1,1,0,94.35,2
2616,0,0,0,6,1,1,2,2,2,2,2,2,2,1,1,44.6,1
2617,0,1,1,1,1,0,0,0,0,0,0,0,2,1,2,19.6,1
2619,1,1,1,33,2,2,2,1,1,1,1,1,2,1,3,110.45,2
2629,0,1,1,2,1,2,2,2,2,2,2,2,2,0,0,70.7,0
2631,1,0,1,7,2,2,2,2,1,2,1,1,2,1,3,99.25,0
2634,0,0,1,1,1,2,2,2,2,1,1,2,2,1,3,84.8,0
2638,0,1,1,52,1,2,2,1,1,1,1,1,1,1,1,105.0,2
2639,0,1,1,22,2,1,1,2,2,2,2,2,2,1,3,54.45,1
2642,0,0,1,47,1,2,2,2,1,2,2,1,2,1,3,85.3,2
2643,0,1,1,33,2,2,2,2,2,2,2,1,2,1,3,83.35,2
2644,0,1,1,18,0,1,2,1,1,2,2,2,2,1,0,33.5,1
2651,0,1,1,24,1,2,2,2,2,2,1,1,2,1,3,90.35,0
2654,0,0,1,1,1,2,2,2,2,2,1,1,2,1,3,90.75,0
2655,0,1,0,4,2,2,2,1,2,2,1,2,2,0,2,89.6,0
2662,0,1,1,2,0,1,2,2,1,2,1,1,2,1,3,49.25,1
2668,0,1,0,1,1,0,0,0,0,0,0,0,2,0,2,19.75,1
2669,0,1,1,19,2,2,1,1,2,2,2,1,2,1,3,95.15,0
2673,0,1,1,22,2,2,1,2,2,2,1,1,2,1,1,101.35,0
2677,0,1,1,4,1,2,2,2,2,2,2,2,2,1,0,70.05,0
2679,0,0,1,4,2,2,2,2,2,2,2,2,2,1,3,74.65,0
2682,0,1,1,4,2,1,2,2,2,2,2,2,2,0,2,50.4,1
2683,0,1,1,7,2,2,1,2,2,2,2,2,2,1,2,79.65,0
2686,1,1,1,19,2,2,2,2,1,2,2,2,2,1,3,79.85,0
2688,0,0,1,5,2,2,2,1,2,2,2,2,2,1,3,78.75,0
2690,1,0,0,8,1,2,2,2,2,2,1,2,2,1,0,80.45,0
2703,0,1,1,1,2,1,2,2,2,2,2,2,2,1,2,50.1,1
2706,0,0,1,2,1,2,2,2,1,2,2,2,2,0,3,76.4,0
2707,0,1,1,3,1,2,2,2,1,1,1,1,2,1,3,98.7,0
2708,1,1,1,13,2,2,1,2,2,2,1,1,2,1,3,100.8,0
2711,0,0,0,28,1,2,2,2,2,2,1,1,1,1,1,90.1,2
2720,0,1,1,15,2,1,2,2,2,2,2,2,2,0,3,51.55,1
2721,1,1,1,10,1,2,2,2,2,2,2,1,2,1,3,79.25,0
2727,0,1,1,5,2,2,2,2,2,2,1,1,2,1,1,94.85,0
2729,0,1,1,2,2,2,2,2,2,2,2,1,2,1,3,85.7,0
2740,0,1,1,1,1,1,2,2,2,2,2,2,2,0,2,44.4,1
2741,1,1,1,5,1,2,2,2,2,2,1,1,2,1,3,89.5,0
2745,1,0,1,1,2,2,2,2,2,2,1,2,2,1,3,86.05,0
2748,0,1,1,4,0,1,2,2,2,2,1,1,2,1,3,44.55,1
2752,0,0,0,31,0,1,1,2,2,1,2,2,2,0,1,35.4,1
2753,0,1,1,1,2,2,2,2,2,2,1,1,2,0,2,95.65,0
2756,0,1,1,1,1,0,0,0,0,0,0,0,2,0,2,20.95,1
2761,1,1,1,10,0,1,2,2,2,2,2,1,2,1,3,34.7,1
2769,0,1,1,15,1,0,0,0,0,0,0,0,2,0,1,19.75,1
2770,0,0,0,17,2,2,2,2,2,2,1,1,2,1,3,92.55,0
2775,1,0,1,53,2,1,1,2,2,1,2,2,1,1,3,60.05,2
2776,1,0,1,16,1,2,2,1,2,2,2,2,2,1,0,74.3,0
2779,0,1,1,9,2,2,2,2,2,2,1,2,2,1,3,85.35,0
2780,0,1,1,25,1,1,1,1,1,1,1,2,1,0,2,74.3,0
2784,0,1,0,4,1,2,2,2,1,1,1,1,2,1,1,98.1,0
2790,0,1,1,50,2,2,1,1,2,1,1,1,0,1,3,109.65,2
2795,1,1,1,9,2,2,2,2,2,2,2,2,2,1,3,74.55,0
2797,0,1,1,3,2,2,2,2,1,2,1,1,2,1,3,100.95,0
2798,0,1,1,10,1,2,2,2,1,2,1,1,2,1,3,94.9,0
2802,1,0,1,32,2,2,2,2,1,1,1,1,2,1,3,104.9,2
2804,0,0,1,9,0,1,2,2,2,2,2,2,1,0,1,24.1,1
2812,0,0,1,66,2,2,2,1,2,1,1,1,1,1,3,104.05,2
2815,0,1,1,3,1,2,2,2,1,1,1,2,2,1,2,88.35,0
2818,0,0,0,29,1,2,1,2,2,2,1,1,2,0,0,94.65,2
2821,1,0,1,1,2,2,2,2,2,2,2,2,2,1,3,74.4,0
2822,0,0,0,41,2,1,1,1,1,1,2,1,2,0,0,79.9,2
2829,1,1,1,8,1,2,2,2,2,2,2,2,2,1,3,69.7,0
2831,1,0,1,12,2,2,2,1,1,2,1,2,2,1,3,98.1,0
2837,0,1,1,1,1,0,0,0,0,0,0,0,2,0,2,20.5,1
2844,1,0,1,4,2,2,1,2,2,2,1,1,2,1,3,99.6,0
2861,0,1,1,1,1,2,2,2,2,2,2,1,2,1,3,81.95,0
2862,0,0,1,7,1,2,2,2,2,2,2,2,2,1,3,69.35,0
2869,0,1,1,6,1,2,2,2,2,2,1,1,2,1,3,91.1,0
2871,0,0,1,14,2,2,2,2,2,2,1,2,2,1,3,86.1,0
2873,0,1,1,25,2,2,2,2,2,2,1,1,2,1,1,94.7,0
2875,0,0,1,22,2,2,2,2,2,2,2,1,2,1,3,85.1,0
2877,0,0,0,61,2,2,2,1,2,2,1,1,2,1,3,99.15,2
2879,1,0,1,70,2,2,2,1,1,2,1,1,2,1,3,102.95,2
2887,0,1,1,1,1,1,2,2,2,2,2,2,2,1,2,45.05,1
2888,1,1,0,1,1,2,2,2,2,2,2,2,2,1,3,71.0,0
2890,1,0,0,47,1,2,2,2,2,2,2,2,2,0,1,70.55,2
2891,0,1,1,1,1,2,2,2,2,2,2,1,2,1,3,79.7,0
2893,0,1,1,22,2,1,1,1,2,2,2,2,2,0,3,59.0,1
2894,0,1,1,48,1,1,1,2,1,1,2,2,1,1,0,60.35,2
2900,1,0,0,1,1,2,2,2,2,2,2,2,2,1,3,69.25,0
2904,0,1,1,25,1,2,2,2,2,2,2,2,2,0,2,70.95,0
2907,0,0,1,20,1,2,2,2,2,2,1,1,2,1,2,89.0,0
2908,0,0,1,18,2,2,1,2,2,2,1,1,2,1,3,99.4,0
2911,0,1,1,1,1,2,2,2,1,2,2,2,2,0,1,73.5,0
2921,0,1,1,9,2,2,2,2,2,2,1,1,2,1,3,95.5,0
2922,0,0,1,28,1,2,1,2,2,2,1,1,2,1,2,92.35,2
2924,0,1,1,11,1,2,2,1,2,2,2,2,2,1,3,74.55,0
2939,1,1,1,12,1,2,2,1,1,1,2,2,2,1,2,83.8,0
2940,1,1,1,53,0,1,2,1,1,2,1,1,2,1,3,54.45,2
2948,1,0,1,41,2,2,2,2,1,2,1,1,2,1,3,99.8,2
2953,0,0,0,20,2,2,2,1,1,2,1,1,2,1,1,105.85,0
2954,0,1,1,7,2,2,2,2,2,2,2,2,2,0,2,75.45,0
2955,0,1,1,7,2,2,2,2,2,2,1,1,2,1,3,93.85,0
2960,0,1,1,22,2,2,1,2,2,2,1,1,2,1,3,100.75,0
2962,0,0,0,3,0,1,2,2,2,1,2,2,2,1,2,31.0,1
2965,0,1,1,51,2,2,2,2,1,2,2,2,2,0,0,80.0,2
2970,1,1,1,5,1,2,2,2,2,2,2,2,2,1,2,70.25,0
2973,0,0,0,62,1,2,2,1,1,2,1,1,2,1,3,100.15,2
2974,0,1,1,28,2,2,1,1,2,2,2,1,2,1,0,94.5,2
2990,0,1,1,10,0,1,2,2,2,2,2,1,2,1,2,33.9,1
2997,1,0,1,69,2,2,2,1,2,2,1,2,2,1,3,89.95,2
3000,0,1,1,12,2,2,2,2,2,2,1,2,2,1,3,84.45,0
3003,0,1,0,27,2,2,2,2,2,1,2,2,2,1,3,79.5,0
3004,0,0,0,1,1,2,2,2,2,2,1,1,2,0,2,89.15,0
3006,1,1,1,14,2,2,2,2,2,2,2,2,2,1,3,74.95,0
3007,1,1,1,32,1,2,2,1,2,2,2,2,2,1,3,74.4,0
3016,0,1,1,3,1,1,2,2,2,2,2,1,2,1,3,55.3,1
3019,0,0,0,22,1,1,2,1,2,1,2,2,2,0,3,55.15,1
3026,0,0,1,16,2,2,2,2,2,2,1,2,2,1,3,84.95,0
3028,0,1,1,5,0,1,1,1,1,1,2,2,2,1,2,43.25,1
3029,0,0,0,23,2,1,2,2,2,2,2,2,1,1,0,48.35,1
3030,0,1,1,1,1,2,2,2,2,2,1,2,2,1,3,79.55,0
3031,1,0,1,50,1,2,2,2,2,2,2,2,2,1,3,71.05,2
3034,0,1,1,1,2,2,2,2,2,2,1,2,2,0,3,84.5,0
3040,0,0,1,71,2,2,2,1,1,1,1,1,0,1,0,108.6,2
3042,0,1,1,46,0,1,2,1,2,2,2,2,2,0,1,30.3,1
3043,1,1,1,2,0,1,2,2,1,2,2,2,2,1,3,30.4,1
3044,0,1,1,1,1,1,2,2,2,2,2,2,2,1,2,45.4,1
3047,0,0,1,32,1,2,2,1,2,2,2,1,2,0,1,84.15,2
3049,0,1,1,3,1,0,0,0,0,0,0,0,2,0,3,19.75,1
3050,0,1,1,5,1,2,2,2,2,1,2,1,2,1,0,85.4,0
3055,0,1,0,49,2,2,2,2,2,2,2,2,2,0,0,75.2,2
3058,0,1,0,17,2,1,2,2,1,2,2,2,1,1,2,55.85,1
3061,1,1,1,23,2,2,2,1,1,2,1,1,2,1,3,106.4,2
3067,0,1,1,6,1,2,2,1,2,2,2,1,2,1,3,84.4,0
3076,0,1,1,6,1,1,1,1,2,2,2,2,2,0,3,56.25,1
3078,1,1,1,2,2,2,2,2,2,2,1,2,2,1,3,85.55,0
3079,0,1,1,4,1,1,2,1,2,2,1,1,2,1,1,68.65,0
3081,0,1,1,4,1,2,2,2,2,2,1,2,2,0,3,77.85,0
3085,0,1,1,3,2,2,2,1,1,2,1,1,2,1,1,105.35,0
3087,0,1,1,8,2,2,2,2,2,2,1,2,2,1,3,87.05,0
3090,0,1,1,1,1,1,2,2,2,2,1,2,2,1,2,53.5,1
3092,0,1,1,1,0,1,2,2,2,2,2,2,2,1,2,25.1,1
3098,1,0,1,30,1,2,2,1,1,2,2,2,2,1,2,79.65,0
3102,0,1,1,5,1,1,1,2,2,1,2,2,2,0,3,54.2,1
3103,1,1,1,1,1,0,0,0,0,0,0,0,2,1,3,19.45,1
3111,0,0,0,72,2,2,2,1,1,2,1,1,0,1,3,103.4,2
3115,0,1,1,13,2,2,2,1,1,2,2,2,2,1,3,84.45,0
3119,1,0,1,32,2,2,2,2,2,2,1,2,2,1,0,85.95,2
3121,1,1,1,16,1,1,2,2,2,1,1,2,2,0,3,59.4,1
3127,0,1,1,29,0,1,2,1,2,2,2,2,2,1,3,30.6,1
3135,1,1,1,38,2,2,2,2,2,1,1,1,2,1,3,99.55,2
3136,0,1,1,17,1,2,2,2,2,2,2,2,2,1,3,70.0,0
3138,0,1,1,1,1,1,2,2,2,2,2,2,2,1,3,45.3,1
3139,0,1,1,2,0,1,2,2,2,1,2,2,2,0,1,29.85,1
3141,1,1,1,2,1,2,2,1,1,1,2,1,2,1,0,95.1,0
3142,0,1,1,1,1,0,0,0,0,0,0,0,2,0,2,19.8,1
3145,0,1,1,4,1,2,2,1,2,2,2,2,2,1,1,76.65,0
3146,0,0,0,5,1,2,2,1,2,1,1,1,2,1,2,99.15,0
3157,0,1,1,9,1,1,2,2,2,2,2,2,2,0,2,44.95,1
3158,0,0,1,18,1,1,2,2,1,2,2,2,2,1,2,49.55,1
3172,0,1,0,25,1,2,2,1,2,2,1,1,2,1,3,95.9,0
3175,1,0,1,17,1,2,2,2,2,2,2,1,2,0,1,81.5,0
3178,0,0,1,52,1,2,1,2,2,2,1,2,2,0,3,84.1,2
3183,1,0,1,3,0,1,2,2,2,2,1,2,2,1,2,36.45,1
3185,1,1,1,1,0,1,2,2,2,2,2,2,2,0,2,25.05,1
3188,0,1,1,8,1,1,1,2,2,2,2,2,2,1,3,49.85,1
3194,1,0,1,43,0,1,2,1,1,2,1,1,2,0,0,55.55,1
3197,0,0,0,22,1,1,2,1,2,2,1,1,1,1,1,69.5,0
3200,0,0,1,54,2,2,2,1,1,2,1,1,2,1,3,104.3,2
3209,0,1,1,1,2,2,2,2,2,2,1,1,2,1,3,93.85,0
3216,0,0,0,1,1,1,2,2,1,2,2,2,2,0,2,50.45,1
3224,0,1,1,7,2,1,2,2,2,1,1,1,2,1,3,74.65,0
3229,0,1,1,12,2,2,2,2,2,2,1,1,2,1,3,94.2,0
3240,0,0,1,54,2,2,1,1,2,2,1,1,1,0,1,106.55,2
3241,0,1,1,1,1,0,0,0,0,0,0,0,2,0,2,20.1,1
3245,0,0,0,23,1,2,2,1,1,1,2,2,2,0,3,83.8,0
3246,0,1,1,3,1,1,2,2,2,2,1,2,2,0,2,55.15,1
3248,1,0,1,10,2,2,2,2,2,2,2,1,2,1,3,86.65,0
3251,1,1,1,37,2,2,1,1,2,2,1,1,2,1,1,106.75,2
3260,0,1,1,31,1,2,2,1,2,1,2,2,2,1,3,78.45,0
3262,0,0,0,34,2,2,2,2,1,2,1,2,2,0,3,87.45,2
3265,0,0,0,29,1,2,2,2,2,2,2,2,2,1,3,70.75,0
3271,1,0,1,12,2,2,2,1,2,2,1,1,2,1,3,101.35,0
3272,0,1,1,1,2,2,1,2,2,2,2,2,2,1,3,81.7,0
3273,0,1,1,33,1,2,2,2,2,2,2,2,2,0,3,68.25,0
3276,0,1,1,4,1,2,2,2,2,2,2,1,2,1,3,79.15,0
3286,1,1,1,35,2,2,2,2,2,2,1,1,2,1,3,95.45,2
3287,0,0,0,19,2,2,2,2,2,1,1,1,1,1,3,100.95,0
3294,0,0,0,1,1,2,2,2,2,2,2,2,2,1,2,69.1,0
3301,1,1,1,1,1,2,2,2,2,2,2,2,2,1,3,69.6,0
3302,0,1,1,31,2,2,2,1,1,2,1,1,1,1,3,103.45,2
3303,0,1,1,4,2,2,2,1,2,2,2,2,2,0,1,77.95,0
3310,1,1,1,1,1,2,2,2,2,2,1,2,2,0,3,78.45,0
3318,0,1,1,10,0,1,2,2,1,2,2,2,2,0,2,29.5,1
3319,0,1,1,2,1,1,1,2,2,2,1,1,2,1,3,70.75,0
3322,1,1,1,9,2,2,2,2,2,2,2,1,2,1,3,84.45,0
3325,0,1,1,4,2,2,2,2,2,2,2,1,2,1,3,85.65,0
3326,1,1,1,38,1,1,2,1,1,1,1,2,1,1,0,70.15,2
3330,1,1,1,51,2,2,2,2,1,2,1,1,2,1,3,97.8,2
3332,0,1,1,1,1,1,2,2,2,2,2,2,2,0,2,46.3,1
3334,0,1,1,41,2,2,2,1,1,2,1,1,2,1,3,106.3,2
3338,0,1,1,12,1,2,2,2,1,1,2,1,2,1,3,89.4,0
3340,1,1,1,5,2,2,2,2,2,2,1,2,2,1,0,83.15,0
3344,0,1,1,10,2,2,2,2,2,2,2,2,2,1,2,74.15,0
3349,0,0,1,11,2,2,2,2,1,2,1,1,2,1,3,99.5,0
3350,0,1,1,1,1,1,2,2,2,2,2,2,2,1,2,44.15,1
3351,0,1,1,16,1,1,2,1,2,1,2,2,2,1,2,53.9,1
3352,0,1,1,1,2,2,2,2,2,2,2,1,2,1,2,85.45,0
3356,0,0,0,4,2,1,2,2,2,2,2,2,2,0,2,50.85,1
3357,0,1,0,1,1,1,2,2,1,2,2,1,2,0,3,59.2,1
3360,0,1,1,13,1,2,2,2,1,2,1,2,2,1,3,83.2,0
3362,0,1,1,1,1,1,1,1,2,2,2,2,2,1,3,54.9,1
3364,0,0,1,21,2,2,1,2,1,2,1,1,2,1,3,103.9,0
3371,0,0,0,11,1,0,0,0,0,0,0,0,2,1,2,19.25,1
3373,1,1,1,2,2,2,2,2,2,2,2,2,2,1,2,75.45,0
3374,1,1,1,2,1,1,1,1,2,2,2,2,2,0,2,54.85,1
3380,1,0,1,1,2,2,2,2,2,2,1,1,2,1,3,95.1,0
3383,0,0,1,6,2,2,2,2,2,2,2,2,2,1,3,75.5,0
3384,0,0,0,4,1,2,2,2,1,2,2,2,2,1,3,73.75,0
3385,0,1,1,12,2,2,2,2,2,2,1,1,2,1,3,96.05,0
3402,0,1,1,4,2,2,2,1,2,2,2,1,2,1,3,88.95,0
3408,0,1,1,4,1,1,2,1,2,2,2,2,2,0,0,50.7,1
3410,0,1,1,3,1,1,2,2,2,2,1,2,2,0,0,53.4,1
3411,1,0,1,53,2,2,2,1,2,2,1,1,2,1,3,101.9,2
3415,0,0,0,68,2,2,2,2,2,2,1,2,1,1,3,83.0,2
3423,0,1,0,1,1,1,1,2,2,2,2,2,2,0,2,50.6,1
3424,0,1,1,10,1,2,2,2,2,2,1,1,2,1,3,89.5,0
3426,0,1,1,1,1,2,2,2,2,2,2,2,2,1,3,69.8,0
3428,1,0,1,51,2,2,1,2,1,2,1,2,2,1,1,93.8,2
3431,0,0,1,24,2,2,2,2,1,2,1,1,2,1,3,101.05,2
3438,0,0,1,18,2,2,2,2,2,2,1,1,2,1,3,94.7,0
3439,1,0,1,72,2,2,2,1,1,2,1,1,0,1,1,104.15,2
3448,0,0,0,4,1,1,2,2,2,1,2,1,2,0,0,61.45,0
3455,0,1,1,1,1,2,2,2,2,2,1,1,2,1,3,90.55,0
3458,0,1,1,26,1,2,2,2,2,2,1,1,2,1,1,88.8,0
3462,0,1,1,7,2,2,2,2,2,2,2,1,2,1,2,85.2,0
3467,1,1,1,5,1,2,2,2,2,2,1,1,2,1,3,91.4,0
3473,0,0,1,42,2,2,2,2,1,1,1,1,2,1,1,106.15,2
3479,0,1,1,4,1,1,2,2,2,2,2,2,2,1,2,45.3,1
3485,0,1,1,2,2,2,2,2,2,2,2,2,2,1,0,73.25,0
3490,0,0,0,8,1,1,2,2,1,2,2,2,2,1,3,51.05,1
3494,0,0,0,9,2,2,2,2,2,2,1,2,2,1,1,85.35,0
3495,1,1,1,1,2,2,2,2,2,2,2,2,2,1,3,75.35,0
3498,0,1,1,43,1,2,1,2,2,2,2,2,2,1,3,75.2,2
3499,0,1,1,1,1,0,0,0,0,0,0,0,2,0,2,20.9,1
3516,0,1,1,3,1,1,2,2,2,2,2,2,2,1,3,43.3,1
3517,0,0,1,70,1,2,1,1,1,1,1,1,1,1,1,109.5,2
3524,1,1,1,11,2,2,2,2,2,2,2,1,2,1,0,84.8,0
3525,1,0,1,50,2,2,2,1,1,2,1,2,2,1,3,95.05,2
3526,1,1,1,5,1,1,2,2,1,2,2,2,2,0,3,50.35,1
3527,0,0,1,1,2,2,2,2,2,2,2,2,2,1,1,74.6,0
3528,0,1,1,16,1,0,0,0,0,0,0,0,2,1,2,19.7,1
3532,0,1,1,15,1,1,2,2,1,2,2,1,2,1,3,59.45,1
3534,0,1,0,46,1,2,1,1,2,1,1,1,1,1,1,105.2,2
3539,0,1,1,8,1,1,2,2,2,2,2,2,2,1,2,45.15,1
3544,0,0,1,31,2,2,2,1,1,2,1,2,2,0,3,93.8,2
3550,0,1,1,32,1,2,2,2,2,1,1,1,2,1,3,96.2,2
3551,0,1,0,1,1,2,2,2,2,2,2,1,2,1,3,79.6,0
3555,0,1,1,20,2,2,2,2,2,2,1,2,2,1,3,85.25,0
3561,0,1,1,26,2,2,2,2,2,1,2,2,2,1,3,80.5,0
3562,1,1,1,5,2,2,2,1,2,2,2,1,2,1,3,89.8,0
3565,0,1,1,1,1,1,2,1,2,2,2,2,2,1,3,50.75,1
3567,0,0,0,14,1,2,2,1,2,1,2,1,2,1,0,89.65,0
3577,0,1,1,36,1,1,2,1,2,1,2,1,1,1,2,65.4,2
3580,0,1,0,9,1,1,2,2,1,1,1,1,2,1,2,72.9,0
3586,0,1,1,5,0,1,1,2,1,1,2,2,2,0,2,40.0,1
3587,1,1,1,9,2,2,2,1,2,2,1,1,2,1,0,99.45,0
3591,0,1,1,2,1,2,1,1,2,1,2,2,2,1,3,86.25,0
3592,0,1,1,1,1,1,2,2,2,2,2,2,2,1,3,45.65,1
3593,0,1,1,8,1,2,2,2,2,2,2,2,2,1,2,70.1,0
3595,1,1,1,2,1,2,2,2,2,2,2,2,2,1,1,70.2,0
3596,0,1,1,3,1,1,1,1,2,2,2,2,2,0,3,55.35,1
3600,1,0,0,51,2,2,2,1,1,2,2,2,2,1,3,84.2,2
3603,0,1,1,2,1,1,2,2,2,2,2,2,2,0,2,45.85,1
3608,0,1,1,39,2,2,2,2,2,2,2,2,2,0,3,75.25,2
3610,0,1,1,12,2,2,2,2,1,2,1,1,2,1,1,100.15,0
3615,1,0,0,26,2,2,2,1,1,2,1,1,2,0,3,105.75,2
3617,1,0,1,18,0,1,2,2,1,2,1,1,2,1,3,48.35,1
3621,0,0,0,2,0,1,2,2,2,2,2,2,2,1,2,24.4,1
3630,0,1,1,4,1,0,0,0,0,0,0,0,2,0,1,20.95,1
3631,1,0,1,1,1,1,1,2,2,2,2,2,2,1,3,49.55,1
3637,0,1,1,9,1,0,0,0,0,0,0,0,2,0,2,20.25,1
3638,1,0,1,2,1,1,2,1,2,2,2,2,2,0,0,50.15,1
3640,1,0,1,29,2,2,2,1,1,2,2,1,2,1,3,95.9,2
3652,1,1,1,1,0,1,2,2,2,2,2,2,2,0,3,25.25,1
3662,0,1,1,9,1,1,2,2,2,2,2,2,2,0,3,45.15,1
3666,0,0,0,50,2,2,2,2,2,2,1,2,2,1,1,84.4,2
3671,0,1,1,1,2,2,2,2,2,2,2,2,2,1,3,75.1,0
3672,0,0,1,54,2,1,2,2,2,2,1,1,1,1,0,70.15,2
3673,0,1,1,42,2,2,2,1,2,2,1,1,2,1,3,101.75,2
3674,0,1,1,1,1,1,2,2,2,2,2,2,2,0,3,45.8,1
3679,0,1,1,1,1,0,0,0,0,0,0,0,2,1,2,20.1,1
3680,0,0,1,9,0,1,2,2,2,1,1,2,2,0,2,40.65,1
3681,1,0,1,46,2,2,2,2,1,2,1,1,2,1,3,101.0,2
3682,0,1,1,1,1,2,2,2,2,2,2,2,2,1,3,69.1,0
3686,0,1,1,13,2,2,2,2,2,2,2,2,2,1,2,75.0,0
3687,0,0,0,19,1,2,2,1,2,1,1,1,1,0,1,100.0,0
3689,1,1,1,1,1,2,2,2,2,2,2,2,2,1,3,71.15,0
3690,0,1,1,24,0,1,2,1,1,2,1,1,2,1,0,54.15,1
3694,0,0,0,67,2,2,1,2,1,1,1,1,0,1,0,108.75,2
3696,0,0,1,6,1,1,2,2,2,1,2,2,2,1,3,49.15,1
3700,0,1,0,20,1,0,0,0,0,0,0,0,2,1,3,19.4,1
3702,1,1,1,20,2,2,1,2,2,2,2,2,2,1,3,79.15,0
3713,1,0,1,46,1,2,2,2,2,2,2,1,2,1,3,80.4,2
3716,0,0,1,11,2,2,2,1,2,2,1,1,2,1,3,102.0,0
3721,0,1,1,2,1,0,0,0,0,0,0,0,2,0,2,20.65,1
3725,0,1,1,1,1,2,2,2,2,2,2,2,2,1,2,70.8,0
3726,0,1,1,16,2,2,2,2,2,1,2,1,2,1,0,89.05,0
3727,0,1,1,3,2,2,2,2,2,2,1,1,2,1,3,96.6,0
3730,0,0,1,57,2,2,2,1,1,2,1,1,2,1,0,104.5,2
3737,0,1,1,5,2,1,2,2,2,2,2,2,2,1,2,50.6,1
3743,0,1,0,4,1,1,1,2,2,2,2,2,2,0,3,49.35,1
3745,0,1,1,7,1,2,2,1,2,2,1,1,2,1,3,94.25,0
3746,0,0,1,1,1,2,2,2,2,2,2,2,2,1,3,68.95,0
3749,1,1,1,2,2,2,2,2,2,2,1,1,2,1,3,93.85,0
3755,0,1,1,4,2,2,2,2,2,2,2,2,2,1,3,76.05,0
3756,0,1,1,1,0,1,2,2,2,2,2,2,2,1,2,24.45,1
3759,0,1,1,7,2,2,2,2,1,2,1,2,2,1,0,89.35,0
3763,0,0,1,4,1,2,2,2,2,2,1,2,2,1,3,80.35,0
3766,1,1,1,1,1,1,1,2,1,2,2,2,2,1,3,55.8,1
3771,0,1,1,1,1,2,2,2,2,2,1,2,2,1,3,79.05,0
3772,0,0,1,1,1,2,1,2,2,2,1,1,2,1,3,95.0,0
3773,0,1,1,1,0,1,2,2,2,2,2,2,2,0,2,25.2,1
3775,1,1,1,41,2,2,2,2,1,2,1,1,2,1,3,98.4,2
3779,1,0,0,66,2,1,1,1,1,1,1,2,0,0,0,79.4,2
3784,1,1,1,35,2,2,2,2,1,2,1,1,2,1,3,101.4,2
3785,1,0,1,10,2,2,2,2,1,2,2,1,2,1,3,89.8,0
3788,0,0,1,54,1,2,1,1,1,1,1,1,0,0,1,109.75,2
3790,0,1,1,2,1,0,0,0,0,0,0,0,1,0,0,19.3,1
3792,1,1,1,26,1,2,2,2,2,2,1,1,2,1,3,91.25,0
3796,0,1,1,15,2,1,2,2,2,2,2,2,2,1,3,49.1,1
3799,0,1,1,31,2,1,1,2,1,1,2,2,2,0,0,65.25,0
3801,1,1,1,18,2,2,2,1,2,1,2,2,2,1,3,85.45,0
3803,0,0,1,61,2,2,2,1,2,1,1,2,0,1,3,94.1,2
3805,1,1,1,1,1,2,2,2,2,2,2,2,2,1,3,71.65,0
3807,0,0,1,24,2,2,2,1,1,2,1,1,2,1,3,104.65,2
3815,0,1,1,3,2,2,2,2,2,2,2,2,2,1,3,74.25,0
3821,1,1,1,1,2,2,2,2,2,2,2,2,2,1,3,74.2,0
3829,1,0,1,43,2,2,2,1,2,2,1,1,2,1,3,101.0,2
3830,0,0,1,4,2,2,2,1,2,2,1,1,2,1,3,100.2,0
3831,1,0,1,25,2,2,1,2,2,2,2,1,1,1,3,89.05,0
3834,0,0,0,57,1,1,1,2,2,2,1,1,1,1,1,70.1,2
3837,0,1,1,4,1,2,2,1,1,1,1,1,1,1,3,105.65,0
3841,1,0,1,36,2,2,2,1,2,2,1,1,2,1,3,96.5,2
3843,1,0,1,1,1,2,2,2,2,2,2,2,2,0,2,70.85,0
3844,0,1,1,35,2,1,1,2,1,1,1,1,1,1,0,85.95,2
3845,0,1,1,4,1,2,2,2,1,2,2,2,2,1,3,73.9,0
3849,0,0,1,58,2,2,1,1,1,2,1,1,0,1,1,109.45,2
3864,0,1,1,30,2,2,2,1,2,2,1,1,2,1,3,100.2,2
3868,0,0,0,21,1,2,2,1,2,2,2,2,2,1,1,74.05,0
3871,0,1,1,3,2,2,2,2,1,2,1,1,2,1,1,101.55,0
3875,1,0,0,41,2,2,2,1,1,1,1,1,1,1,3,111.95,2
3877,0,0,0,21,0,1,1,2,1,2,1,1,1,1,3,55.95,1
3879,0,1,1,1,1,1,2,2,2,2,2,2,2,0,3,45.75,1
3887,0,1,1,11,1,2,2,1,2,2,2,2,2,0,3,74.95,0
3888,0,1,1,1,1,2,2,2,2,2,2,1,2,0,0,80.15,0
3890,0,0,1,72,2,2,2,1,1,1,1,1,1,1,3,109.25,2
3905,0,1,1,3,0,1,2,2,2,2,1,2,2,0,0,35.2,1
3906,0,0,1,1,1,2,2,2,2,2,1,2,2,0,3,78.8,0
3910,0,1,1,47,2,2,2,1,1,2,1,1,2,1,3,106.4,2
3911,0,1,1,18,1,1,1,2,2,2,2,2,2,0,3,49.4,1
3917,1,1,1,1,1,2,2,2,2,2,2,2,2,0,3,69.1,0
3918,0,0,0,20,1,2,2,2,2,2,1,1,2,1,3,90.2,0
3919,0,1,1,6,2,2,2,2,2,2,1,1,2,1,1,93.55,0
3923,0,1,1,1,1,2,2,2,2,2,2,1,2,1,2,80.85,0
3924,0,0,0,48,2,2,2,2,2,2,2,1,1,1,2,82.05,2
3927,0,0,1,3,1,0,0,0,0,0,0,0,2,1,0,20.55,1
3932,1,1,1,2,2,2,2,2,1,2,2,2,2,1,3,78.55,0
3939,0,1,0,1,1,2,2,2,2,2,2,1,2,0,3,78.65,0
3942,0,1,1,1,1,1,2,2,2,2,2,2,2,1,3,42.9,1
3945,0,1,1,3,0,1,1,2,2,1,2,2,2,0,2,34.25,1
3946,0,1,1,9,0,1,1,2,1,1,1,1,2,0,2,58.5,1
3950,1,1,1,49,2,2,2,2,2,2,1,1,2,1,3,96.2,2
3953,1,1,1,6,1,2,2,2,1,2,2,2,2,0,3,74.4,0
3956,0,0,1,6,2,2,2,1,1,2,1,1,2,1,3,105.3,0
3958,0,0,1,16,2,2,2,2,2,2,2,2,2,1,1,73.85,0
3962,1,0,1,7,2,2,2,2,2,2,2,1,2,1,3,84.55,0
3971,0,1,1,25,2,0,0,0,0,0,0,0,0,0,0,24.75,1
3975,1,1,1,20,2,2,2,2,2,2,2,1,2,1,0,85.8,0
3976,0,1,1,4,0,1,2,2,2,2,2,2,2,1,3,24.45,1
3980,0,1,1,28,2,2,2,1,1,2,1,1,2,1,3,105.7,2
3983,0,1,1,1,0,1,2,2,2,2,2,2,2,1,3,24.25,1
3987,0,1,1,11,2,2,2,2,2,2,2,2,2,1,3,76.5,0
3991,0,1,1,4,2,2,2,1,2,1,2,1,2,1,3,93.5,0
3994,1,0,1,54,2,2,2,1,2,2,1,1,1,1,0,101.5,2
3995,0,1,0,28,1,2,1,2,2,2,2,2,2,1,1,74.9,0
3999,1,1,1,2,1,2,2,2,2,2,2,2,2,1,3,69.6,0
4005,0,1,1,1,2,0,0,0,0,0,0,0,2,1,2,24.05,1
4012,0,1,1,1,1,1,2,1,2,2,2,2,2,0,3,50.55,1
4019,0,1,1,14,2,2,2,1,2,2,1,1,2,1,3,100.55,0
4021,0,0,0,1,1,0,0,0,0,0,0,0,2,1,2,20.5,1
4025,0,1,1,4,1,2,2,2,1,2,2,2,2,1,1,74.8,0
4027,0,0,1,20,0,1,2,2,2,2,2,2,2,1,3,24.45,1
4045,0,1,1,14,1,2,2,2,2,2,2,2,2,1,0,71.0,0
4052,1,1,1,30,0,1,2,2,1,2,1,2,2,1,3,40.3,1
4056,0,1,1,3,0,1,2,1,2,2,1,1,2,1,3,50.6,1
4058,0,0,0,40,2,2,2,2,1,1,2,2,2,1,3,84.85,2
4059,0,0,0,2,1,1,2,2,2,2,1,1,2,0,2,65.7,0
4062,0,1,1,1,1,2,2,2,2,2,2,2,2,0,3,70.5,0
4063,0,1,1,10,2,2,2,1,1,2,2,1,2,1,3,94.85,0
4065,0,1,1,1,1,0,0,0,0,0,0,0,2,0,2,19.75,1
4073,0,0,0,14,1,1,1,1,2,2,1,2,2,1,3,65.45,0
4074,1,0,1,58,2,2,2,2,1,2,1,1,2,1,3,98.7,2
4078,0,0,0,22,1,1,1,2,1,1,1,2,1,1,1,67.5,0
4081,0,1,1,1,1,2,2,2,2,2,2,2,2,1,3,69.6,0
4082,0,0,1,49,2,1,1,2,1,1,1,1,1,0,3,84.35,2
4083,1,0,1,68,2,2,2,1,2,2,1,1,2,1,3,100.2,2
4084,0,1,1,1,1,2,2,2,2,2,1,2,2,0,3,78.05,0
4088,0,1,1,7,2,2,2,2,2,2,2,2,2,0,3,73.6,0
4089,0,1,1,9,2,2,2,2,2,2,2,2,2,1,3,74.75,0
4098,0,1,1,1,1,0,0,0,0,0,0,0,2,1,2,20.2,1
4106,1,0,1,24,2,2,2,2,2,2,1,1,2,1,3,93.55,0
4109,0,1,1,2,0,1,2,2,2,2,2,2,2,1,3,25.05,1
4121,1,0,1,27,2,2,2,1,1,2,2,1,2,1,3,95.55,2
4128,0,1,1,57,0,1,2,1,2,2,1,2,2,1,3,39.3,1
4131,0,1,1,1,1,0,0,0,0,0,0,0,2,1,2,20.25,1
4132,0,1,1,13,0,1,2,2,2,2,2,2,2,1,3,23.9,1
4138,0,1,1,1,1,2,2,2,1,2,1,2,2,1,3,85.45,0
4140,0,1,1,63,2,2,2,1,2,2,1,1,1,0,1,99.9,2
4143,0,1,1,25,2,2,2,2,2,2,2,1,2,1,3,84.8,0
4146,0,0,1,35,2,2,2,2,2,2,2,2,2,1,3,75.2,2
4149,0,0,1,71,0,1,2,1,2,2,1,1,0,0,3,49.35,2
4154,0,1,1,6,2,2,2,2,2,2,2,2,2,1,3,74.9,0
4169,0,1,1,15,1,2,2,1,1,2,1,1,2,1,3,101.25,0
4171,0,1,1,9,1,0,0,0,0,0,0,0,2,1,2,18.95,1
4174,0,1,1,37,0,1,2,2,2,1,2,2,2,0,0,28.6,1
4180,1,1,1,2,0,1,2,2,2,2,2,2,2,0,3,24.35,1
4182,1,1,1,29,2,2,2,2,2,1,1,1,2,0,3,98.65,2
4184,1,0,1,5,2,2,2,2,1,2,2,2,2,1,1,79.9,0
4188,1,1,1,28,2,2,2,2,1,1,1,1,2,1,3,103.3,2
4190,0,0,1,11,2,2,1,2,2,1,1,2,2,1,0,96.2,0
4199,0,0,1,55,2,2,2,2,1,1,1,1,1,1,3,104.15,2
4211,1,1,1,24,2,2,2,1,1,2,1,1,2,1,0,102.95,2
4212,0,1,1,1,1,2,2,2,2,2,1,1,2,0,3,90.6,0
4213,0,1,1,6,1,1,2,2,2,1,2,2,2,1,1,50.8,1
4214,0,1,1,4,2,2,2,1,2,2,2,1,2,1,3,90.05,0
4226,0,0,1,3,2,2,2,2,2,2,2,2,2,1,3,75.85,0
4228,0,0,0,1,1,2,2,2,2,2,2,2,2,1,3,68.5,0
4230,0,1,1,11,1,2,1,2,2,2,2,2,2,1,3,73.5,0
4232,0,1,1,1,1,2,2,2,2,2,2,2,2,1,2,69.95,0
4237,0,1,1,5,1,1,2,2,1,2,1,1,2,1,3,70.05,0
4240,0,1,1,8,2,2,2,1,1,2,1,2,2,1,3,94.0,0
4241,0,0,0,22,1,1,1,1,1,2,2,2,2,0,2,61.15,1
4254,0,0,1,29,2,2,1,1,2,2,2,2,2,1,3,84.45,0
4255,0,0,1,13,2,1,2,2,1,2,1,1,1,1,2,75.3,0
4258,1,0,1,43,2,2,1,2,1,1,1,1,1,1,2,109.55,2
4259,0,1,1,3,1,0,0,0,0,0,0,0,2,1,2,19.6,1
4262,1,1,1,2,1,1,1,2,1,2,1,2,2,0,1,66.4,0
4265,1,0,1,66,2,2,2,2,2,1,1,1,2,1,0,100.05,2
4266,0,1,1,62,2,2,1,1,2,1,2,1,1,0,3,102.0,2
4269,0,0,1,17,2,2,1,1,1,2,2,2,2,0,0,90.2,0
4272,0,0,1,56,2,0,0,0,0,0,0,0,0,1,0,25.15,1
4273,0,1,1,31,2,2,2,2,2,1,2,2,2,1,0,79.85,0
4276,0,1,1,2,1,1,2,1,2,2,2,2,2,1,2,49.6,1
4287,1,0,1,66,2,2,2,2,1,1,1,1,1,1,0,105.95,2
4288,0,1,0,3,2,2,2,2,1,2,2,1,2,0,3,91.85,0
4290,0,0,0,1,0,1,2,2,2,1,1,2,2,0,3,40.1,1
4292,1,1,1,31,2,2,2,2,2,2,2,2,2,1,3,73.9,0
4293,0,1,1,14,1,2,2,2,2,2,1,1,2,1,2,89.8,0
4296,0,0,0,35,2,1,1,2,1,1,1,2,2,0,3,72.25,2
4307,1,1,1,37,2,2,2,2,2,2,1,1,2,1,3,96.55,2
4311,0,1,1,7,0,1,2,1,2,2,2,1,2,1,0,40.1,1
4314,1,1,1,24,2,2,2,1,2,2,1,1,2,1,3,101.25,2
4315,0,1,1,1,1,2,2,2,2,2,1,2,2,0,3,79.55,0
4323,0,1,1,32,2,2,2,2,2,2,1,2,1,0,3,84.05,2
4326,0,1,1,1,1,2,2,2,2,2,1,1,2,1,3,89.1,0
4329,0,0,0,17,2,2,1,2,1,2,1,2,2,0,3,94.4,0
4330,0,1,1,19,1,2,2,1,1,2,2,2,2,1,3,78.25,0
4341,1,1,1,2,1,1,2,2,2,2,2,2,2,1,3,44.15,1
4343,1,1,1,8,2,2,2,2,2,2,2,2,2,1,3,75.75,0
4348,0,1,1,1,1,0,0,0,0,0,0,0,2,1,2,19.1,1
4349,1,0,1,1,2,2,1,2,2,2,2,2,2,1,3,80.3,0
4353,0,1,1,1,1,2,2,2,1,2,2,2,2,1,3,74.9,0
4368,1,1,1,9,1,2,2,2,2,2,1,2,2,1,3,80.85,0
4369,0,1,1,3,0,1,2,2,2,2,2,2,2,0,3,24.75,1
4381,1,1,1,49,2,2,2,2,1,2,2,1,2,1,0,90.85,2
4384,0,0,1,2,1,2,2,1,1,2,2,2,2,0,1,79.7,0
4386,0,0,0,55,1,1,1,1,2,1,2,2,0,0,1,57.55,2
4393,0,0,1,21,2,2,2,2,2,2,2,1,2,1,3,86.5,0
4395,0,0,0,69,2,2,2,1,1,2,1,1,2,1,3,103.95,2
4396,1,1,1,1,0,1,2,2,2,2,2,2,2,1,3,25.1,1
4402,0,1,1,39,0,1,1,1,2,1,1,2,2,1,0,48.95,1
4405,0,0,0,6,1,2,2,1,2,2,2,1,2,1,0,83.55,0
4413,1,1,1,17,1,2,2,1,1,2,1,2,2,1,3,89.15,0
4417,0,1,0,1,1,2,2,2,2,2,2,2,2,1,2,70.45,0
4418,0,0,1,58,1,1,1,1,1,2,2,2,1,0,0,60.3,2
4424,0,1,0,1,0,1,2,2,2,2,2,2,2,0,3,24.75,1
4428,0,0,0,19,2,2,2,2,1,1,1,1,2,0,3,103.3,0
4442,0,1,1,3,1,2,2,2,2,2,1,2,2,1,3,78.5,0
4444,0,1,1,3,1,0,0,0,0,0,0,0,2,0,2,19.85,1
4446,1,1,1,3,1,2,2,2,2,2,1,2,2,1,3,79.9,0
4448,1,1,1,30,2,2,2,1,2,2,1,1,2,1,3,99.7,2
4450,0,1,1,15,2,1,2,1,2,1,2,2,2,1,0,58.6,1
4453,0,0,1,10,2,2,2,2,1,2,1,1,2,1,3,98.5,0
4455,0,1,1,1,1,1,2,2,1,2,2,2,2,1,2,50.45,1
4458,0,0,0,38,2,2,2,1,1,2,1,2,2,1,3,94.65,2
4459,0,1,1,1,2,2,2,1,2,2,1,1,2,1,0,100.25,0
4462,0,1,1,16,2,2,2,2,1,2,2,1,2,1,3,88.45,0
4463,0,1,1,1,1,2,2,2,2,2,2,2,2,1,3,69.85,0
4464,0,1,1,12,1,2,1,2,1,2,2,2,2,0,1,81.7,0
4466,0,1,1,4,1,2,2,2,2,2,2,1,2,1,3,79.9,0
4468,0,1,1,15,2,0,0,0,0,0,0,0,2,1,0,25.4,1
4471,1,0,1,41,2,2,1,2,1,2,2,2,2,1,1,83.75,2
4476,0,1,1,1,1,0,0,0,0,0,0,0,2,0,2,20.9,1
4480,0,0,1,1,1,2,2,2,2,2,2,2,2,1,2,69.4,0
4482,0,1,1,7,2,2,2,2,2,2,2,2,2,1,3,74.9,0
4488,1,0,1,42,1,2,1,2,2,2,2,2,2,1,0,74.15,2
4495,0,1,1,1,1,2,2,2,2,2,2,2,2,1,3,70.1,0
4499,0,1,0,12,2,2,1,2,2,2,2,2,2,1,3,78.3,0
4502,0,1,1,55,2,2,2,2,2,2,1,1,2,1,3,96.8,2
4503,0,1,1,17,2,2,1,1,2,2,1,2,2,1,3,94.4,0
4509,0,1,1,1,1,2,2,1,2,2,1,2,2,0,3,84.3,0
4513,1,0,0,72,2,1,1,1,1,1,1,1,0,0,0,92.45,2
4517,1,0,1,11,2,2,2,2,1,2,1,1,2,1,3,99.55,0
4518,1,1,1,8,2,2,2,2,1,2,2,2,2,1,3,81.25,0
4520,0,0,0,1,1,0,0,0,0,0,0,0,2,0,1,19.95,1
4524,0,0,1,23,2,2,1,1,1,2,1,2,2,1,3,99.25,0
4527,0,1,1,39,1,2,2,2,1,1,2,2,0,1,3,80.45,2
4531,0,0,0,9,2,2,2,2,1,2,2,2,2,1,1,79.35,0
4532,0,1,1,15,2,2,2,1,2,2,2,2,2,1,3,79.75,0
4535,0,0,0,30,2,2,2,2,1,2,1,1,2,1,3,100.05,2
4536,0,1,1,1,1,2,2,2,2,2,2,2,2,1,3,69.35,0
4538,0,1,1,3,1,2,2,2,2,1,2,1,2,0,3,85.8,0
4539,0,0,0,67,2,1,1,2,1,2,1,1,0,1,3,79.7,2
4541,1,1,1,1,2,1,2,2,2,2,2,2,2,0,2,50.55,1
4544,0,0,1,1,1,2,2,2,2,2,1,2,2,1,3,80.55,0
4546,0,0,0,12,2,2,2,1,1,2,2,2,2,1,3,84.5,0
4548,0,1,1,22,1,2,2,1,2,2,2,1,2,1,2,84.3,0
4556,0,1,1,2,1,2,2,2,2,2,2,2,2,1,3,67.75,0
4558,1,1,1,27,2,2,2,2,2,2,2,1,2,1,3,85.25,0
4563,0,1,1,10,2,2,2,1,2,2,2,2,2,1,1,80.05,0
4564,0,1,1,1,1,0,0,0,0,0,0,0,2,0,2,20.0,1
4569,0,1,1,22,1,1,1,2,2,2,2,2,2,1,0,48.8,1
4585,1,1,1,1,2,2,2,2,2,2,2,1,2,1,3,85.05,0
4594,0,0,0,21,1,2,2,1,1,1,1,1,2,1,3,102.8,0
4597,0,1,1,6,1,2,2,2,1,1,1,1,2,1,2,99.95,0
4610,0,0,1,72,2,2,1,1,1,1,1,1,1,1,1,117.8,2
4613,1,1,1,54,2,2,2,1,2,2,2,2,2,1,3,79.5,2
4619,0,0,1,3,2,2,2,2,2,1,2,2,2,1,1,79.65,0
4624,0,1,1,8,1,2,2,2,1,2,1,1,2,1,3,94.7,0
4631,0,1,1,5,2,2,2,2,1,2,1,2,2,1,3,92.5,0
4632,0,0,0,1,1,0,0,0,0,0,0,0,2,0,2,19.45,1
4638,0,1,1,2,2,2,2,2,2,2,2,2,2,1,3,75.55,0
4640,0,0,0,1,1,2,2,2,2,2,2,2,2,1,3,70.0,0
4642,0,0,0,65,1,1,1,2,2,1,1,1,0,1,1,74.8,2
4645,0,0,1,33,2,2,2,1,1,2,1,1,2,1,3,104.4,2
4651,0,1,1,15,1,2,1,2,2,2,1,2,2,0,3,86.2,0
4653,0,0,0,30,0,1,2,2,2,1,1,1,2,0,0,51.2,1
4660,0,1,1,2,1,0,0,0,0,0,0,0,2,0,2,19.5,1
4663,1,1,1,4,2,2,2,2,2,2,2,2,2,1,3,74.9,0
4664,0,1,1,2,2,2,2,2,2,2,2,2,2,0,0,74.9,0
4671,0,1,1,25,2,2,2,1,2,2,1,1,2,1,3,100.25,2
4673,1,1,1,25,2,2,1,1,2,2,1,1,2,1,2,102.8,2
4675,0,1,1,43,2,2,2,2,2,1,1,1,1,1,3,100.0,2
4677,0,0,1,10,1,2,2,1,2,1,1,1,2,1,3,99.85,0
4678,0,1,0,2,2,2,2,2,2,2,1,1,2,1,1,94.2,0
4681,1,1,1,9,2,2,2,2,2,2,2,1,2,1,3,83.85,0
4682,1,1,1,27,2,2,2,2,1,2,2,1,2,0,0,88.3,0
4684,0,1,1,69,1,2,2,1,1,1,1,1,1,1,1,104.05,2
4687,0,0,1,22,1,2,2,2,1,2,1,1,2,1,0,94.7,0
4691,1,0,1,56,2,2,2,2,1,2,1,1,2,1,1,100.65,2
4698,1,0,1,66,2,1,2,1,1,2,1,1,0,1,1,80.55,2
4703,1,0,1,24,2,2,1,2,2,2,2,2,2,1,3,78.85,0
4706,0,1,1,1,1,1,2,2,2,2,2,2,2,1,2,44.45,1
4719,0,1,1,36,2,2,2,2,2,2,2,1,2,1,3,84.9,2
4721,0,1,1,1,1,0,0,0,0,0,0,0,2,0,2,20.25,1
4723,0,1,1,1,1,2,2,1,2,2,2,2,2,1,3,74.35,0
4725,0,1,1,1,2,1,2,2,1,1,2,2,2,0,2,62.05,0
4734,0,0,0,39,1,1,1,2,1,1,1,1,1,0,0,80.0,2
4738,0,1,1,5,2,2,2,1,1,2,1,1,2,0,2,104.1,0
4740,1,0,1,24,0,1,1,2,2,2,2,1,2,0,1,39.1,1
4746,0,1,1,2,2,2,2,2,2,2,2,2,2,1,3,76.5,0
4749,0,1,1,5,1,1,2,2,2,1,2,2,2,1,3,49.2,1
4751,0,1,1,11,2,0,0,0,0,0,0,0,2,0,0,23.15,1
4753,0,0,0,4,1,2,2,2,2,2,2,1,2,0,3,80.85,0
4757,0,1,1,1,2,1,2,1,2,1,2,2,2,0,2,60.1,1
4759,0,1,1,1,1,2,2,2,2,2,1,2,2,1,3,78.95,0
4764,0,1,1,2,1,1,2,2,2,2,2,2,2,1,3,45.15,1
4771,0,1,1,3,1,2,2,2,2,2,1,2,2,1,3,79.4,0
4773,0,1,1,44,0,1,2,1,1,2,1,1,1,1,2,53.95,1
4775,0,0,1,24,1,2,2,1,1,2,1,1,2,1,0,99.3,0
4785,0,1,1,18,2,2,2,1,2,2,2,2,2,1,3,80.65,0
4789,0,1,1,1,1,2,2,2,2,2,2,2,2,0,2,71.1,0
4792,1,0,1,65,2,2,2,1,1,2,1,1,1,1,3,106.25,2
4795,0,0,1,53,1,0,0,0,0,0,0,0,1,0,1,20.8,1
4800,1,1,1,1,2,2,2,2,2,2,1,1,2,1,3,94.0,0
4810,1,1,1,15,2,2,2,1,2,2,2,1,2,0,3,89.85,0
4811,0,1,1,4,1,1,2,2,2,2,2,2,2,1,2,46.0,1
4812,0,1,1,9,1,1,2,1,2,1,1,2,2,0,2,66.25,0
4814,0,1,1,22,2,2,2,2,2,1,1,2,2,1,3,90.0,0
4815,0,1,1,38,1,2,2,2,2,2,2,2,1,1,1,70.45,2
4819,0,1,0,53,1,0,0,0,0,0,0,0,0,0,1,19.75,1
4823,0,1,1,1,1,1,1,2,2,1,2,2,2,1,3,53.95,1
4826,1,1,1,8,2,2,2,1,1,2,1,1,2,1,3,105.5,0
4827,0,1,0,16,1,2,2,2,2,2,1,2,2,1,3,81.0,0
4837,0,0,0,1,1,2,2,2,2,2,2,2,2,1,3,69.8,0
4839,1,1,1,7,2,2,2,2,2,2,2,2,2,0,2,73.75,0
4842,1,1,1,9,2,1,1,2,2,2,2,2,2,0,3,54.55,1
4847,1,1,1,37,2,2,2,2,2,2,2,2,2,1,3,76.25,2
4848,0,1,1,5,2,2,2,2,2,2,1,1,2,1,2,93.9,0
4851,1,1,1,3,1,2,2,2,2,2,2,2,2,1,3,70.4,0
4856,0,0,0,31,2,2,2,1,2,2,2,1,2,1,3,91.15,2
4862,0,1,1,2,1,2,2,2,2,2,2,2,2,1,3,70.95,0
4868,0,0,1,37,2,2,2,2,1,2,1,1,2,1,3,99.5,2
4874,0,1,1,38,1,2,1,1,1,2,2,2,2,1,0,83.9,2
4875,1,0,1,48,2,2,1,1,1,1,1,1,2,0,3,117.45,2
4876,0,1,1,10,1,2,1,1,1,2,1,1,2,1,3,104.4,0
4883,1,1,1,8,0,1,2,2,1,2,2,2,2,1,3,29.4,1
4893,0,1,1,2,1,1,2,2,2,2,2,2,2,0,2,44.65,1
4898,0,1,1,3,0,1,2,2,2,2,2,2,2,0,3,25.25,1
4899,0,1,0,4,2,2,2,1,1,2,2,2,2,0,1,84.05,0
4900,1,0,1,37,2,2,2,2,2,2,1,2,2,1,3,85.7,2
4901,0,1,1,1,1,2,2,1,2,2,2,2,2,1,3,74.7,0
4903,0,1,1,5,2,2,2,1,2,2,1,2,2,1,3,90.8,0
4908,1,1,1,28,2,2,2,1,1,2,1,1,2,1,3,106.15,2
4910,0,1,1,30,1,1,1,1,1,1,1,1,1,0,1,85.35,2
4912,1,1,1,36,2,2,1,2,2,2,1,2,2,1,3,90.85,2
4924,0,1,1,1,0,1,2,2,2,2,1,2,2,1,3,35.75,1
4928,1,0,0,4,1,1,2,2,2,2,2,2,2,0,3,46.0,1
4938,0,0,0,17,1,2,1,2,1,2,1,2,2,1,3,89.4,0
4941,0,1,1,3,1,0,0,0,0,0,0,0,2,1,2,19.8,1
4942,0,0,0,4,2,1,2,2,2,2,2,2,2,1,3,50.9,1
4946,0,1,1,4,1,2,2,2,2,2,1,2,2,1,3,81.0,0
4947,0,1,1,26,2,2,2,2,1,2,1,1,2,1,3,98.35,2
4949,0,1,1,5,0,1,2,1,2,2,1,1,2,1,2,51.0,1
4950,0,0,1,4,2,2,2,1,2,2,1,2,2,1,3,91.65,0
4954,0,1,0,1,1,2,2,2,2,2,1,1,2,1,3,90.85,0
4955,0,1,1,1,1,2,2,2,2,2,2,2,2,0,2,69.4,0
4956,1,1,1,8,1,2,2,2,1,2,1,1,2,1,0,94.45,0
4959,0,0,0,1,1,0,0,0,0,0,0,0,2,1,0,20.15,1
4960,1,1,1,50,2,2,2,2,2,2,1,1,2,1,3,95.7,2
4964,0,1,1,26,2,2,2,2,2,2,2,2,2,1,1,74.95,0
4965,0,1,1,6,0,1,2,2,1,2,1,1,2,1,3,47.95,1
4967,0,1,1,3,2,1,2,2,2,1,1,2,2,1,3,63.6,0
4974,0,1,1,3,0,1,2,1,2,1,2,2,2,1,2,36.85,1
4978,0,1,1,1,1,1,2,2,2,2,2,2,2,1,3,44.1,1
4981,0,1,1,14,0,1,2,2,1,2,1,1,2,1,3,50.75,1
4982,1,0,1,61,2,2,2,1,1,2,1,1,1,1,0,104.4,2
4983,1,0,1,40,0,1,2,1,2,2,1,2,2,1,3,39.3,1
4991,0,1,1,58,1,2,1,1,1,2,1,1,1,1,3,106.45,2
4994,0,1,1,18,1,2,1,2,2,2,1,1,2,1,3,96.05,0
4995,0,1,1,7,2,2,2,2,2,2,2,2,2,1,1,75.1,0
4997,1,1,1,2,1,1,2,2,2,2,2,2,2,1,3,44.7,1
5001,0,1,1,19,1,1,2,2,1,1,2,2,2,1,0,55.0,1
5003,0,0,0,11,2,2,2,2,2,2,2,2,2,1,3,74.35,0
5005,0,0,1,39,1,2,1,2,1,1,1,1,1,1,0,104.7,2
5006,0,1,1,15,2,1,1,2,2,2,2,2,2,1,2,55.7,1
5016,0,1,1,5,1,0,0,0,0,0,0,0,2,0,0,19.85,1
5023,0,1,1,1,1,2,2,2,2,2,2,2,2,1,3,70.3,0
5027,1,0,1,10,2,2,2,2,2,2,2,1,2,0,3,85.55,0
5030,0,1,0,6,1,2,2,2,1,2,1,1,2,0,2,94.5,0
5036,1,0,1,16,2,2,2,2,2,2,2,1,2,1,0,85.35,0
5037,0,1,1,2,1,2,2,2,2,2,1,2,2,1,2,79.65,0
5039,1,1,1,2,1,2,2,2,2,2,2,1,2,1,3,79.6,0
5043,1,1,1,19,2,2,1,2,2,2,1,2,2,1,3,90.6,0
5049,0,1,1,1,1,0,0,0,0,0,0,0,2,1,1,20.2,1
5050,0,0,1,66,2,2,1,2,1,2,1,1,0,1,0,106.05,2
5059,0,1,1,36,2,2,2,1,2,2,1,1,2,1,3,99.15,2
5062,0,0,1,39,0,1,1,2,1,2,1,1,2,0,3,55.9,1
5063,0,1,1,21,2,2,2,1,2,2,2,2,2,1,3,82.35,0
5064,0,1,1,2,0,1,2,1,1,1,2,2,2,1,0,40.4,1
5069,0,1,1,4,2,2,2,2,2,2,2,2,2,0,3,75.35,0
5070,0,1,0,35,1,2,2,2,1,2,1,2,1,1,3,85.15,2
5076,0,0,0,33,1,2,2,2,1,2,1,1,1,1,3,93.8,2
5086,0,1,1,45,1,0,0,0,0,0,0,0,1,1,3,20.4,1
5090,1,0,1,7,2,2,1,1,2,2,2,1,2,1,0,94.7,0
5091,0,1,1,6,0,1,2,1,2,2,2,2,2,1,0,30.5,1
5098,1,1,1,3,2,2,2,2,2,2,2,2,2,1,3,77.0,0
5099,0,1,0,11,1,0,0,0,0,0,0,0,2,0,0,20.1,1
5100,0,1,1,1,1,2,2,2,1,2,2,2,2,0,3,75.3,0
5105,1,0,1,40,1,2,2,1,2,1,1,1,1,1,0,99.2,2
5111,1,1,1,47,1,2,1,2,2,2,2,1,2,0,2,85.5,2
5112,0,1,1,7,1,0,0,0,0,0,0,0,2,0,2,20.05,1
5116,0,1,1,1,1,2,2,2,2,2,2,2,2,0,3,70.4,0
5120,0,0,0,7,1,1,1,2,2,2,2,2,1,1,3,49.75,1
5123,1,1,1,15,1,2,2,1,2,2,2,2,2,1,0,75.3,0
5125,0,0,1,11,2,2,2,2,2,2,1,1,2,1,3,94.0,0
5127,0,1,1,67,2,2,1,1,1,1,1,1,1,1,1,118.35,2
5130,0,1,1,8,0,1,1,2,2,2,2,2,2,1,3,30.45,1
5131,0,0,1,44,2,2,2,2,2,2,1,1,2,1,3,96.1,2
5133,1,0,1,24,2,2,2,1,1,2,1,1,2,1,3,104.25,2
5134,1,1,1,15,2,2,2,1,2,2,2,2,2,1,3,80.2,0
5154,0,0,0,17,2,2,1,2,1,2,1,1,2,1,3,104.2,0
5165,1,1,1,1,1,2,2,2,2,2,2,2,2,1,3,69.65,0
5168,0,1,1,9,1,2,2,2,2,2,2,1,2,1,3,80.8,0
5174,0,1,1,7,1,2,2,2,2,2,1,2,2,1,2,80.3,0
5177,1,0,1,36,2,2,2,2,2,2,2,1,2,1,3,84.1,2
5179,0,1,1,3,1,1,2,2,2,1,1,1,2,1,3,69.35,0
5183,1,0,0,34,2,2,2,1,2,2,2,2,2,1,2,79.6,2
5186,1,1,1,1,0,1,2,2,2,2,1,2,2,1,3,36.45,1
5194,0,1,0,22,1,2,2,1,1,2,1,2,2,1,3,89.4,0
5198,1,0,1,47,2,2,1,2,2,2,2,2,2,0,3,80.35,2
5207,1,0,1,24,0,1,2,2,1,2,2,1,2,1,0,40.65,1
5210,0,0,1,53,0,1,2,1,1,1,1,1,1,1,3,60.45,2
5211,0,0,1,8,2,2,2,2,2,2,2,1,2,1,3,84.9,0
5214,0,0,0,2,1,2,2,1,2,2,2,2,2,1,1,73.55,0
5215,0,0,1,8,1,0,0,0,0,0,0,0,2,0,1,20.15,1
5216,0,0,1,48,0,1,2,1,1,2,2,2,1,0,2,34.7,1
5229,1,0,1,43,2,2,2,2,1,1,1,1,1,1,3,107.55,2
5231,1,0,1,16,2,2,2,2,1,2,1,1,2,1,3,98.75,0
5233,0,0,1,8,1,2,2,1,1,2,1,1,2,0,3,101.15,0
5242,0,1,1,20,2,2,2,2,1,2,1,2,2,1,3,88.7,0
5246,0,1,1,2,1,2,2,2,2,2,1,2,2,1,3,79.75,0
5247,0,1,1,27,2,2,2,2,2,2,1,1,2,1,2,94.55,2
5251,1,1,1,5,1,2,2,2,2,2,2,2,2,1,2,69.05,0
5256,0,0,0,52,2,2,2,2,1,1,2,1,0,1,1,96.25,2
5257,1,1,1,37,2,2,2,2,1,2,1,1,2,1,3,101.1,2
5258,0,1,1,69,2,2,2,1,2,1,1,1,1,1,1,104.7,2
5270,0,1,0,40,1,1,1,1,2,2,2,2,2,1,2,55.25,1
5272,0,1,1,6,2,2,2,1,2,2,1,2,2,1,3,90.1,0
5275,0,1,1,11,2,1,2,2,1,2,2,2,2,0,3,53.75,1
5277,0,1,1,6,1,2,2,2,2,2,1,1,2,0,3,89.3,0
5282,0,0,1,3,2,2,2,2,2,2,1,1,2,1,3,95.2,0
5284,1,1,1,5,0,1,2,2,2,2,1,1,2,0,3,45.7,1
5286,0,0,1,8,1,2,1,2,2,2,2,2,2,1,3,74.5,0
5288,0,1,1,1,1,2,2,2,2,2,1,2,2,1,3,79.65,0
5299,1,0,1,28,2,2,2,2,2,1,1,1,2,1,0,101.3,2
5300,0,0,0,1,1,2,2,2,2,2,1,2,2,1,2,80.05,0
5301,0,0,0,29,2,2,2,2,1,2,2,1,2,1,3,89.2,2
5306,0,0,0,19,2,2,2,2,2,2,2,1,2,1,3,83.65,0
5311,0,0,1,6,1,0,0,0,0,0,0,0,2,0,1,19.5,1
5312,0,1,1,1,1,1,2,2,2,1,2,2,2,0,2,51.25,1
5315,0,1,1,1,1,1,2,2,2,2,2,2,2,1,3,45.6,1
5317,0,1,1,6,1,1,2,2,2,1,2,2,2,1,1,49.65,1
5326,0,0,0,15,1,0,0,0,0,0,0,0,2,1,3,20.0,1
5329,0,0,1,25,0,1,2,2,2,2,1,2,2,1,1,34.0,1
5330,1,0,1,10,1,2,2,1,1,1,1,2,2,1,2,92.5,0
5333,0,0,0,13,1,2,2,2,2,2,1,1,2,0,3,88.35,0
5334,0,0,0,49,2,2,2,1,1,1,1,1,0,1,1,107.95,2
5341,1,1,1,1,2,2,2,2,2,2,2,2,2,1,2,74.45,0
5342,0,1,1,37,1,1,2,2,2,2,1,1,2,1,3,64.75,2
5345,0,1,1,26,1,2,2,1,1,2,1,2,2,0,3,89.8,0
5351,0,1,1,12,1,2,2,2,1,2,1,1,1,0,2,95.5,0
5359,1,1,1,10,0,1,2,2,2,1,2,2,2,1,3,29.65,1
5360,0,0,0,5,2,2,1,2,1,2,2,2,2,1,3,84.5,0
5364,0,1,1,18,2,2,2,2,1,2,2,1,2,1,0,90.7,0
5368,1,1,1,3,1,2,2,2,2,2,2,2,2,1,3,70.3,0
5371,0,1,1,54,2,2,1,2,1,2,1,1,1,1,1,103.95,2
5374,0,1,1,10,2,2,2,2,2,2,2,2,2,1,3,74.75,0
5375,0,1,1,1,1,1,2,2,2,1,2,2,2,1,3,50.8,1
5380,0,1,1,2,1,2,2,2,2,2,1,2,2,1,3,80.25,0
5381,0,0,1,32,2,2,2,2,1,2,2,2,2,1,3,78.9,2
5383,0,1,1,36,2,2,2,2,2,2,2,1,2,1,3,84.75,2
5385,0,1,1,53,2,2,2,2,2,2,1,2,2,0,1,85.45,2
5388,0,0,0,1,1,0,0,0,0,0,0,0,2,0,2,19.9,1
5390,1,1,1,12,2,2,2,2,1,2,1,1,2,1,3,99.45,0
5393,0,1,1,1,1,2,2,2,2,2,2,2,2,1,3,70.6,0
5395,0,1,1,5,1,2,2,2,2,2,1,2,2,1,0,81.0,0
5397,0,1,1,6,1,2,2,1,2,2,1,2,2,1,3,84.85,0
5409,1,1,1,26,2,2,2,1,2,2,1,2,2,1,3,89.15,0
5411,1,0,1,1,0,1,2,2,2,2,2,2,2,1,3,24.8,1
5414,0,1,1,64,2,2,2,1,2,1,1,1,1,1,0,105.65,2
5423,0,1,1,13,1,2,2,2,2,2,2,1,2,1,3,80.85,0
5428,0,0,1,9,1,2,2,2,2,2,1,1,2,0,3,89.45,0
5430,0,1,1,10,2,1,2,2,2,2,1,1,2,1,0,72.15,0
5432,0,1,1,2,1,1,2,2,1,1,1,1,2,0,3,76.4,0
5437,1,1,1,20,2,1,2,2,2,2,2,1,2,1,2,61.6,0
5438,0,0,1,9,1,2,2,1,1,2,2,2,2,1,3,79.9,0
5439,1,1,1,32,2,2,2,2,2,2,1,1,2,1,0,96.15,2
5441,0,0,1,70,2,1,1,2,1,1,2,2,0,0,0,65.3,2
5446,0,1,1,1,1,0,0,0,0,0,0,0,2,0,2,19.65,1
5450,0,1,1,1,2,2,2,2,2,2,1,2,2,1,2,84.65,0
5454,1,0,1,1,1,2,2,2,2,2,2,2,2,1,3,69.55,0
5456,0,1,1,13,0,1,2,1,2,2,2,2,2,1,3,31.05,1
5458,0,1,1,7,1,1,1,2,2,2,2,2,2,1,2,51.0,1
5463,0,0,0,1,1,1,2,2,2,2,2,2,2,1,1,44.35,1
5468,0,1,1,7,1,2,2,2,2,2,1,2,2,1,3,79.7,0
5475,0,1,0,54,2,1,2,1,2,2,2,2,2,1,0,55.0,2
5476,1,1,1,5,1,2,2,2,1,2,1,2,2,1,2,84.85,0
5481,1,1,1,1,2,2,2,2,2,2,2,2,2,1,3,73.65,0
5482,0,0,0,33,1,1,2,2,1,1,1,1,1,1,2,73.9,2
5483,0,0,1,55,2,2,2,2,1,2,2,2,2,1,3,77.75,2
5493,1,0,1,6,2,2,2,2,2,2,2,1,2,1,3,84.35,0
5494,0,1,1,8,1,2,1,2,2,2,1,2,2,0,3,84.95,0
5495,0,1,1,11,1,2,2,2,2,1,2,2,2,1,3,73.85,0
5497,0,0,0,49,0,1,2,1,2,2,1,1,1,1,1,51.8,1
5498,1,0,1,1,1,1,2,2,2,2,2,2,2,0,3,46.0,1
5499,1,1,1,15,1,2,2,2,2,2,2,1,2,1,3,79.4,0
5502,1,0,1,16,1,2,2,2,2,2,2,2,2,1,1,71.8,0
5504,1,0,1,44,2,2,2,1,2,2,2,1,1,0,2,88.4,2
5509,0,1,0,5,1,1,2,2,2,2,2,2,2,0,2,46.0,1
5516,0,1,1,4,2,1,2,2,2,2,2,2,2,0,0,51.75,1
5518,0,0,0,30,2,2,1,1,2,2,1,2,2,1,3,94.4,2
5522,0,1,1,1,1,2,2,2,2,2,2,2,2,1,2,70.15,0
5536,0,1,1,9,0,1,2,2,2,2,1,2,2,1,0,34.7,1
5538,0,1,1,1,1,2,2,2,2,2,2,1,2,1,3,81.1,0
5540,0,0,0,1,1,0,0,0,0,0,0,0,2,0,2,20.55,1
5541,0,1,1,61,2,2,2,2,1,1,1,1,0,1,3,106.6,2
5544,0,0,1,59,2,2,1,1,1,1,1,2,2,1,3,106.75,2
5547,0,1,1,3,1,2,2,2,2,2,1,1,2,1,3,89.45,0
5549,0,1,1,3,1,2,2,1,2,1,1,1,2,1,3,97.9,0
5553,0,1,1,1,1,1,2,2,2,2,2,1,2,1,2,55.7,1
5556,0,1,1,13,1,2,2,1,1,2,2,2,2,1,3,79.8,0
5565,0,0,1,18,0,1,2,2,1,2,1,2,2,1,3,39.05,1
5569,1,0,1,3,1,2,2,2,2,1,1,2,2,1,2,83.9,0
5573,1,1,1,1,1,2,2,2,2,2,2,2,2,1,3,69.85,0
5576,0,1,1,1,1,1,2,2,2,2,1,2,2,1,2,53.55,1
5579,0,0,0,70,2,2,1,1,1,1,2,2,0,0,1,93.9,2
5581,0,0,0,68,2,2,1,1,1,1,1,1,0,1,3,113.15,2
5583,1,0,1,26,1,2,2,1,2,2,2,1,2,0,3,84.95,0
5584,0,0,1,11,2,2,2,1,2,2,2,2,2,1,1,80.5,0
5585,0,1,1,1,1,0,0,0,0,0,0,0,2,1,2,19.3,1
5588,0,1,1,1,1,1,2,2,1,2,2,2,2,1,2,49.65,1
5589,0,1,1,46,1,1,2,2,1,1,2,2,0,0,0,54.35,1
5591,0,1,1,4,1,2,2,2,2,2,1,1,2,1,3,88.45,0
5597,1,1,1,22,2,2,2,2,2,1,1,2,2,1,1,90.5,0
5599,0,0,1,9,1,2,2,1,1,1,1,2,2,1,2,94.85,0
5600,0,0,0,7,1,2,2,2,2,2,2,2,2,1,1,69.95,0
5603,0,1,1,1,1,1,1,2,2,2,2,2,2,1,0,48.6,1
5607,1,1,1,40,0,1,1,1,2,2,1,1,2,1,3,55.8,1
5609,0,0,1,29,2,2,2,1,2,2,2,2,2,1,1,80.15,0
5610,0,1,1,3,2,2,2,2,2,2,2,2,2,1,3,75.5,0
5615,0,1,1,1,1,0,0,0,0,0,0,0,2,1,1,20.2,1
5621,0,0,1,3,2,2,2,2,2,2,2,2,2,1,0,74.75,0
5622,0,1,1,23,2,2,2,2,1,1,1,1,2,1,2,104.05,0
5628,0,1,1,13,2,2,1,1,2,2,1,2,2,1,3,96.65,0
5629,1,1,1,1,1,0,0,0,0,0,0,0,2,0,2,20.05,1
5630,0,1,1,39,2,2,2,1,1,2,1,1,2,1,3,103.45,2
5634,0,0,0,1,1,0,0,0,0,0,0,0,2,1,3,19.9,1
5636,0,0,1,14,0,1,2,2,2,2,1,1,2,0,3,46.35,1
5638,0,1,1,1,1,0,0,0,0,0,0,0,2,0,3,19.95,1
5640,0,1,1,1,1,2,2,2,2,2,2,1,2,0,3,79.6,0
5643,0,1,1,1,1,2,2,2,2,1,2,2,2,1,3,75.9,0
5644,0,0,1,1,1,2,2,2,1,2,2,2,2,0,3,76.2,0
5646,0,1,0,1,1,0,0,0,0,0,0,0,2,0,2,19.25,1
5651,0,0,1,42,2,2,2,2,1,1,2,2,2,1,3,84.3,2
5653,0,1,1,7,1,2,2,2,2,2,1,2,2,1,3,79.0,0
5662,0,1,1,1,1,2,2,2,2,2,2,2,2,1,3,70.25,0
5664,1,1,1,10,1,2,2,2,1,2,2,1,2,1,0,84.6,0
5670,0,0,0,17,2,0,0,0,0,0,0,0,2,0,2,24.1,1
5678,0,1,0,1,1,1,1,1,2,1,2,2,2,1,3,60.0,1
5679,0,1,1,8,2,2,2,2,2,2,2,1,2,1,3,86.55,0
5680,1,0,1,1,1,0,0,0,0,0,0,0,2,1,2,20.85,1
5683,0,1,1,39,0,1,2,2,1,2,1,1,2,1,3,50.75,1
5684,1,0,1,58,1,2,1,1,2,1,1,1,1,1,0,105.5,2
5686,1,1,1,6,1,2,1,2,2,2,1,2,2,1,1,85.15,0
5696,0,0,1,22,1,1,1,2,2,1,2,2,2,1,3,54.2,1
5697,0,0,1,70,2,2,2,1,1,1,1,1,1,1,3,109.5,2
5698,0,0,0,21,2,2,2,1,1,2,1,1,2,0,3,104.4,0
5702,1,0,0,71,2,2,1,1,2,2,1,1,2,1,0,105.1,2
5706,0,1,1,1,1,2,2,1,2,2,2,2,2,1,3,75.7,0
5711,1,0,1,20,2,2,2,2,1,2,1,2,2,0,3,90.8,0
5714,0,0,0,4,2,2,2,1,2,2,1,1,2,1,3,97.95,0
5715,0,1,1,32,2,2,1,1,2,1,1,1,2,1,0,108.15,2
5718,0,1,1,6,1,2,2,2,2,2,1,2,2,1,0,80.5,0
5722,1,0,1,27,2,2,1,2,2,1,1,1,2,1,1,104.3,2
5724,0,1,1,1,1,2,2,2,2,2,2,2,2,1,2,71.35,0
5728,0,1,1,13,2,2,2,1,1,1,2,2,2,0,3,89.4,0
5738,0,1,1,1,1,0,0,0,0,0,0,0,2,0,2,20.6,1
5741,0,1,1,19,2,2,2,1,2,2,1,1,2,1,3,99.95,0
5746,0,1,1,10,2,2,2,1,2,2,2,2,2,1,0,81.0,0
5750,1,0,1,13,1,2,2,2,2,2,2,2,2,1,3,70.15,0
5759,0,1,1,1,1,2,2,2,2,2,2,2,2,1,2,70.15,0
5765,1,0,1,68,2,2,1,1,2,2,2,1,1,1,0,96.55,2
5779,0,1,1,39,1,2,1,2,1,1,1,2,1,1,3,95.55,2
5782,1,1,1,1,1,2,2,2,2,2,2,2,2,1,3,69.65,0
5783,1,1,1,1,1,2,2,2,2,2,1,1,2,1,3,89.3,0
5787,0,1,1,36,1,2,2,2,1,1,2,1,2,1,3,87.55,2
5792,1,1,1,15,1,2,1,2,1,1,2,1,2,1,2,96.3,0
5798,0,1,1,5,2,2,2,2,2,2,1,2,2,1,3,85.2,0
5799,0,1,1,13,0,1,2,2,2,2,2,1,2,1,3,35.1,1
5803,0,0,1,5,2,2,2,1,2,2,2,2,2,1,3,81.3,0
5806,0,1,0,2,1,0,0,0,0,0,0,0,2,1,3,19.6,1
5810,0,0,0,17,2,2,2,2,2,2,2,1,2,1,3,85.45,0
5812,0,0,0,1,1,2,2,2,2,2,2,2,2,1,3,71.0,0
5815,1,1,1,9,2,2,2,2,2,2,2,1,2,1,3,85.05,0
5817,0,1,0,1,1,1,2,2,2,2,2,2,2,1,3,44.4,1
5825,1,0,1,1,1,2,2,2,2,2,2,2,2,1,3,70.3,0
5826,0,0,1,1,1,2,2,2,2,2,1,2,2,1,1,79.35,0
5831,0,1,1,9,1,2,2,2,2,2,1,1,2,1,1,90.8,0
5832,0,0,0,20,1,2,2,2,2,2,2,2,2,1,3,70.45,0
5841,1,1,1,70,0,1,2,2,2,2,1,1,1,1,3,45.25,2
5845,0,1,1,3,2,2,2,2,2,2,2,2,2,1,3,75.8,0
5850,1,1,1,20,1,2,2,2,2,2,2,2,2,0,0,71.3,0
5852,1,0,1,21,1,2,2,2,2,2,2,2,2,1,3,69.1,0
5857,0,0,0,17,2,2,2,2,1,2,1,2,2,0,3,88.25,0
5860,0,1,1,2,1,2,2,2,2,2,2,2,2,0,1,70.0,0
5863,0,1,1,21,2,2,2,2,2,2,1,1,2,1,3,97.35,0
5870,0,0,0,5,2,0,0,0,0,0,0,0,2,1,1,25.9,1
5871,0,1,1,24,2,1,1,2,2,2,2,2,2,1,1,55.65,1
5872,0,1,0,1,1,2,2,2,2,2,2,2,2,1,3,69.65,0
5874,0,1,1,10,2,2,2,2,1,2,1,1,2,1,3,100.6,0
5876,1,1,1,1,1,2,2,1,2,2,2,1,2,1,3,86.0,0
5877,0,1,1,53,2,2,1,2,1,2,1,1,1,1,0,106.95,2
5880,0,1,1,3,0,1,2,1,2,2,2,2,2,1,3,29.6,1
5884,1,0,1,46,0,1,2,1,1,1,1,1,1,1,1,59.9,2
5888,0,0,0,49,2,2,2,2,2,2,1,1,2,1,3,95.6,2
5891,0,1,1,11,0,1,2,2,1,2,1,2,1,1,3,41.6,1
5894,0,1,1,45,2,2,2,1,2,2,1,1,2,1,0,100.85,2
5900,0,0,0,37,0,1,1,1,1,2,2,2,2,0,1,40.2,1
5901,0,0,0,49,2,2,2,2,2,2,1,2,2,0,3,84.5,2
5906,1,1,1,14,2,2,2,1,2,2,2,2,2,1,3,78.95,0
5908,0,1,1,1,1,0,0,0,0,0,0,0,2,0,2,20.2,1
5912,1,1,1,47,2,2,2,1,1,2,2,2,2,1,1,85.2,2
5931,1,0,1,13,1,2,2,1,1,2,1,1,2,1,3,98.0,0
5932,0,0,1,5,1,2,2,2,1,2,1,1,2,1,3,94.45,0
5933,1,1,1,3,2,2,2,1,1,2,1,1,2,1,3,105.0,0
5934,1,0,1,26,2,2,2,1,1,2,2,1,2,1,3,93.85,2
5937,1,0,1,8,2,2,2,2,2,2,2,1,2,1,3,84.0,0
5942,0,0,1,9,0,1,2,2,1,2,1,1,2,1,3,48.75,1
5943,0,1,1,1,1,2,2,2,1,2,1,2,2,1,3,84.85,0
5944,0,1,1,12,1,1,1,2,2,1,2,2,2,0,2,56.65,1
5946,0,1,1,42,1,1,1,1,1,1,2,1,1,0,0,73.9,2
5947,0,0,0,33,2,0,0,0,0,0,0,0,0,1,2,24.5,1
5956,0,1,1,31,2,2,2,2,1,2,2,1,2,1,3,89.9,2
5957,1,0,1,18,1,2,2,2,2,2,2,1,2,0,3,78.55,0
5966,0,0,1,42,2,2,2,1,1,1,2,1,2,1,3,99.45,2
5967,1,1,1,4,0,1,2,2,2,2,2,2,2,1,1,25.2,1
5968,0,1,1,12,2,1,2,2,2,1,1,1,1,0,2,74.05,0
5972,1,1,1,15,2,1,2,2,2,1,2,2,2,0,0,55.0,1
5975,0,0,0,7,1,2,2,1,2,1,1,2,2,1,3,89.75,0
5984,0,0,1,14,2,2,2,2,2,2,2,1,2,1,3,85.15,0
5989,1,0,1,3,2,2,2,2,2,2,1,1,2,1,3,94.6,0
5991,0,1,1,16,1,2,1,2,2,2,1,1,2,1,3,94.25,0
5992,0,0,0,65,2,1,1,1,1,2,2,1,1,0,0,72.45,2
5994,0,1,1,42,2,2,1,2,1,2,1,1,2,1,3,105.2,2
6002,0,0,1,6,2,2,2,2,2,2,1,2,2,1,3,82.85,0
6009,1,0,1,53,2,2,2,1,1,2,1,1,2,1,3,103.85,2
6012,0,0,0,5,1,2,2,1,2,2,2,1,2,1,3,83.6,0
6016,0,1,1,68,2,2,2,1,1,1,1,1,1,0,3,108.45,2
6024,0,0,1,3,2,2,2,1,2,2,2,1,2,1,0,91.5,0
6028,0,0,1,12,1,2,1,2,2,1,2,2,2,0,1,80.85,0
6030,0,1,1,43,0,1,2,2,1,2,1,1,2,1,1,49.05,1
6032,1,0,1,68,2,2,2,1,1,2,1,1,2,1,3,105.3,2
6033,1,1,1,25,2,2,2,1,2,2,1,2,2,1,3,88.95,0
6035,1,0,1,66,2,2,2,1,1,1,1,1,1,1,3,110.85,2
6038,0,0,0,70,2,2,1,1,1,1,1,1,0,1,1,114.2,2
6039,1,0,1,27,0,1,2,2,2,2,2,1,2,0,1,36.5,1
6040,0,1,1,1,1,2,2,2,2,2,2,2,2,0,2,70.75,0
6043,0,1,1,3,0,1,2,2,1,2,1,2,2,1,2,40.15,1
6048,1,0,1,29,2,2,2,2,2,2,1,1,2,1,3,94.45,2
6054,0,0,0,36,2,2,2,1,1,2,1,2,2,1,1,97.35,2
6064,0,1,1,1,0,1,2,2,2,2,1,1,2,1,2,45.3,1
6066,0,1,1,2,1,2,2,2,1,2,1,1,2,0,3,94.95,0
6068,0,1,0,12,1,1,2,2,2,2,2,2,2,1,3,44.55,1
6074,0,0,1,1,0,1,2,2,2,2,2,2,2,1,3,23.45,1
6080,0,1,1,1,0,1,1,2,2,2,2,2,2,0,2,29.7,1
6082,0,0,1,59,2,2,2,1,2,2,1,1,2,0,3,101.1,2
6085,0,1,1,3,2,1,2,2,2,2,2,2,2,1,2,50.65,1
6088,0,1,1,1,1,1,2,2,2,2,2,1,2,1,3,55.4,1
6089,1,0,1,1,2,2,2,1,2,2,1,2,2,1,3,90.6,0
6091,1,0,1,2,2,2,2,2,2,2,1,2,2,1,2,86.85,0
6100,1,0,1,29,2,2,2,2,1,2,1,1,2,1,1,99.05,2
6105,0,1,1,52,2,2,1,1,2,1,1,1,1,1,0,111.25,2
6106,0,1,1,2,1,1,1,2,1,2,2,2,2,1,2,55.1,1
6125,0,0,1,13,2,2,2,2,1,2,1,1,2,1,0,102.25,0
6126,1,1,1,19,1,2,2,2,1,2,1,1,2,1,0,95.9,0
6131,1,1,1,47,2,2,2,1,2,1,1,2,2,1,3,95.05,2
6137,0,1,1,5,1,1,1,2,2,1,2,2,2,0,0,53.85,1
6141,1,0,1,52,2,2,1,2,1,2,1,1,2,1,3,104.2,2
6142,0,0,1,42,2,1,2,2,2,2,2,2,2,1,3,50.25,1
6146,0,1,1,25,1,2,2,1,1,2,1,1,2,1,3,99.5,2
6151,0,1,1,9,1,2,2,2,2,2,2,2,2,0,3,71.0,0
6152,0,1,1,16,1,2,2,1,1,2,2,1,2,1,0,93.2,0
6155,0,0,1,5,1,0,0,0,0,0,0,0,2,0,2,19.35,1
6157,0,1,1,3,1,0,0,0,0,0,0,0,2,0,2,19.85,1
6166,0,0,0,31,2,2,2,2,1,1,1,1,2,1,3,104.2,2
6168,0,1,1,1,1,2,2,2,2,2,2,1,2,1,3,79.25,0
6169,0,1,1,1,1,1,2,2,2,2,2,2,2,1,1,44.9,1
6172,0,0,1,10,1,2,2,2,2,2,2,2,2,1,3,70.1,0
6174,0,1,1,4,0,1,2,2,1,2,2,2,2,1,3,29.65,1
6176,0,1,1,43,2,2,2,1,2,2,2,2,2,1,3,77.85,2
6177,0,1,1,4,1,1,2,2,2,2,2,1,2,0,3,54.3,1
6179,1,1,1,11,2,2,2,2,2,2,1,1,2,1,1,95.15,0
6186,0,0,1,47,2,2,1,2,1,1,1,1,1,1,0,110.85,2
6190,0,1,1,1,1,2,2,2,2,2,2,1,2,0,3,80.5,0
6195,0,1,1,4,2,2,2,2,2,2,2,2,2,1,1,72.2,0
6197,0,1,1,17,1,1,2,2,2,1,2,2,2,0,2,51.5,1
6199,1,1,1,43,1,2,2,2,2,2,1,1,2,1,2,89.55,2
6202,0,0,0,21,2,1,1,1,2,1,1,2,1,0,2,77.5,0
6205,0,0,1,42,2,2,2,1,1,2,1,2,2,1,1,95.25,2
6207,1,1,1,46,1,2,1,2,2,2,2,1,2,0,3,85.0,2
6211,0,0,0,5,1,2,2,2,2,1,1,2,2,1,3,85.75,0
6215,1,1,1,6,2,2,2,1,2,2,1,1,2,1,3,98.25,0
6219,1,1,1,1,0,1,2,2,2,2,2,2,2,1,2,25.7,1
6223,0,0,0,7,1,2,2,2,2,2,2,2,2,1,3,69.0,0
6227,0,1,1,2,1,1,2,2,2,2,2,2,2,0,1,46.05,1
6231,1,0,1,1,1,2,2,1,2,2,2,2,2,1,2,76.4,0
6232,0,1,1,5,2,2,2,2,1,2,1,1,2,1,3,100.5,0
6235,1,0,0,22,0,1,1,2,2,2,2,1,2,0,2,40.05,1
6237,0,1,1,1,1,2,2,2,2,2,2,2,2,0,3,69.95,0
6240,0,1,0,1,2,2,2,2,2,2,1,1,2,1,3,93.3,0
6241,0,1,1,3,1,1,2,2,1,2,2,2,2,1,3,49.15,1
6256,0,1,1,1,0,1,2,2,2,2,2,1,2,0,2,35.05,1
6257,1,1,1,1,1,2,2,1,2,2,2,2,2,1,3,73.0,0
6266,1,1,1,33,2,2,2,1,1,2,2,2,2,1,0,83.85,2
6267,0,1,1,1,1,2,2,2,2,2,2,2,2,1,3,70.1,0
6273,1,1,1,2,1,2,2,2,2,2,2,2,2,1,3,70.65,0
6277,0,1,1,2,1,0,0,0,0,0,0,0,2,0,2,20.35,1
6283,0,1,1,3,1,2,1,2,1,2,1,1,2,1,0,99.0,0
6287,0,1,1,26,2,2,2,2,2,2,2,1,2,1,3,83.95,0
6289,0,1,1,67,2,2,1,1,1,1,1,1,0,0,0,116.2,2
6290,0,0,1,71,2,2,2,2,2,2,1,1,0,1,1,93.7,2
6294,0,1,1,1,1,0,0,0,0,0,0,0,2,0,2,19.7,1
6302,0,1,1,5,2,2,2,2,2,2,2,2,2,0,3,75.55,0
6304,0,1,1,9,1,2,2,2,2,2,1,2,2,1,1,77.65,0
6305,1,1,1,26,2,2,1,1,2,2,2,1,2,1,3,95.0,0
6312,0,1,1,54,1,2,1,1,2,1,1,1,1,1,0,105.4,2
6313,0,1,1,2,1,2,2,2,1,2,1,1,2,1,3,95.85,0
6317,0,1,1,1,2,2,2,1,2,2,2,2,2,1,3,79.15,0
6321,0,0,1,30,1,0,0,0,0,0,0,0,2,0,1,19.65,1
6322,0,1,1,4,1,2,2,2,2,2,1,2,2,1,3,79.0,0
6325,0,0,0,17,1,2,1,2,2,1,1,2,2,0,3,91.85,0
6333,1,1,1,60,2,2,2,2,1,1,1,1,1,1,3,106.0,2
6339,0,1,0,1,1,1,2,2,2,1,2,2,2,1,2,49.9,1
6341,0,1,1,13,2,2,1,2,2,2,1,1,2,1,3,100.35,0
6344,1,0,1,38,2,2,2,2,2,2,2,2,2,1,1,74.95,2
6346,1,0,0,1,1,1,2,2,2,1,2,2,2,1,0,49.25,1
6351,0,0,0,50,2,2,2,1,2,1,1,1,2,0,3,103.7,2
6357,0,0,1,65,2,2,1,1,1,2,2,2,1,0,3,89.75,2
6360,0,1,1,1,1,0,0,0,0,0,0,0,2,1,2,20.3,1
6365,1,0,1,7,2,2,2,2,1,2,1,1,2,1,3,101.95,0
6368,1,1,1,2,2,2,2,2,2,2,1,1,2,1,3,94.0,0
6370,0,1,1,45,2,2,2,1,2,2,1,2,2,1,0,89.3,2
6375,0,1,1,1,1,2,2,1,2,2,2,2,2,1,0,74.3,0
6377,0,1,1,1,0,1,2,1,2,1,2,1,2,1,2,44.65,1
6378,0,0,0,13,1,2,1,2,2,2,2,1,2,0,3,84.05,0
6379,0,1,1,10,2,2,2,1,2,2,2,2,2,1,1,80.7,0
6385,0,1,0,4,2,2,2,1,2,2,1,1,2,1,3,101.7,0
6388,0,1,1,1,1,0,0,0,0,0,0,0,2,0,2,20.4,1
6395,0,0,0,41,2,2,2,2,1,1,1,1,1,1,3,102.6,2
6398,0,0,0,71,2,2,2,1,1,2,1,1,0,1,1,106.0,2
6401,0,1,0,3,1,1,1,2,2,1,2,2,2,1,2,55.1,1
6408,0,1,1,69,2,2,2,2,1,1,1,1,0,1,1,106.5,2
6413,0,0,0,32,2,2,2,2,1,2,2,1,2,1,1,91.05,2
6417,1,0,1,51,2,2,1,2,2,2,2,2,2,1,3,77.5,2
6424,0,0,1,72,0,1,2,1,1,2,1,1,0,1,3,54.2,2
6428,0,1,1,6,1,2,2,2,2,2,2,2,2,1,2,69.25,0
6434,0,1,1,1,1,1,2,2,1,2,2,2,2,1,3,50.5,1
6438,1,1,1,1,2,2,2,2,2,2,2,2,2,1,3,74.4,0
6444,0,1,0,31,2,1,2,1,2,1,1,1,1,1,2,79.45,2
6448,0,1,1,58,2,2,2,2,1,1,1,1,1,1,3,104.65,2
6453,1,0,1,47,2,2,2,2,1,2,1,1,2,1,3,100.05,2
6460,0,1,1,44,1,2,2,1,2,1,1,1,2,0,3,100.55,2
6462,0,1,1,2,1,2,2,1,2,2,1,1,2,0,3,95.65,0
6473,0,1,1,1,1,2,2,2,1,2,1,1,2,0,3,94.4,0
6479,0,1,1,1,1,1,2,2,2,2,1,2,2,1,0,55.0,1
6482,0,1,1,1,2,2,2,2,1,2,1,1,2,1,3,101.45,0
6486,0,0,1,5,2,1,2,2,1,1,1,2,2,0,1,67.95,0
6488,0,1,1,1,1,2,2,2,2,2,2,2,2,1,3,69.5,0
6489,0,1,1,1,1,0,0,0,0,0,0,0,2,1,2,18.85,1
6491,0,1,1,1,1,2,2,2,2,2,2,2,2,1,3,69.2,0
6495,0,1,1,1,1,2,2,2,2,2,2,2,2,1,3,69.65,0
6496,1,0,1,40,2,2,1,2,2,2,1,1,2,0,3,101.85,2
6498,0,1,1,1,1,2,2,1,1,2,2,2,2,1,3,82.3,0
