,Senior Citizen,Partner,Dependents,Tenure,Multiple Lines,Internet Service,Online Security,Online Backup,Device Protection,Tech Support,Streaming TV,Streaming Movies,Contract,Paperless Billing,Payment Method,Monthly Charges,Churn
0,0,1,1,1,1,0,0,0,0,0,0,0,2,0,2,20.3,0
1,0,1,1,21,0,1,1,2,2,1,2,2,0,0,2,35.1,0
2,0,0,1,67,2,2,2,1,1,2,1,1,1,1,1,105.7,0
3,0,0,0,44,1,1,1,2,2,1,2,2,2,0,1,56.25,0
4,0,0,0,70,0,1,2,1,1,1,1,1,1,0,3,60.35,0
5,0,1,1,3,1,2,2,2,2,2,1,2,2,0,3,79.25,1
6,0,0,0,56,1,1,1,1,1,2,2,2,0,1,1,59.8,0
7,0,1,1,13,2,2,2,2,2,2,2,1,2,1,3,84.6,1
8,0,0,0,58,2,2,1,1,2,2,2,1,2,1,1,93.4,0
9,0,0,0,42,2,2,2,2,2,2,1,1,2,1,3,94.2,0
10,1,0,1,1,0,1,2,2,2,2,2,2,2,0,3,25.05,1
11,0,0,0,46,2,2,1,2,1,1,2,1,0,0,2,99.65,0
12,0,0,0,63,1,1,1,2,2,2,2,2,0,1,1,50.65,0
13,0,1,1,11,1,1,2,1,1,1,2,2,2,1,3,60.9,0
14,0,0,0,15,2,1,2,2,1,1,2,2,2,1,1,59.65,0
15,0,0,1,72,0,1,1,1,1,1,1,1,0,1,3,64.7,0
16,0,1,1,29,0,1,2,2,2,2,2,2,2,1,0,25.1,0
17,0,1,0,1,1,1,2,2,1,2,2,2,2,0,3,48.95,1
18,0,0,0,6,1,1,2,2,2,2,1,2,2,0,3,54.85,0
19,0,1,1,1,1,1,2,2,2,2,2,2,2,0,3,45.3,1
20,0,0,0,63,2,2,2,1,2,2,2,1,1,1,3,91.35,0
21,0,1,1,2,1,2,2,2,1,2,2,1,2,1,3,85.85,1
22,0,0,0,18,2,0,0,0,0,0,0,0,0,0,2,25.1,0
23,0,0,1,43,0,1,1,2,2,1,2,2,2,0,1,34.0,1
24,0,1,1,15,0,1,1,1,1,1,2,2,1,0,2,45.9,0
25,0,1,0,10,2,2,2,2,2,2,1,1,2,0,3,95.2,1
26,0,0,0,55,1,0,0,0,0,0,0,0,0,0,2,20.5,0
27,0,1,0,49,2,2,2,2,2,1,1,1,1,1,1,100.6,0
28,0,0,0,6,1,1,2,1,1,2,2,2,2,1,2,55.3,0
29,0,0,0,70,1,0,0,0,0,0,0,0,0,0,0,20.35,0
30,1,1,1,2,2,2,2,2,2,2,2,2,2,1,2,74.85,0
31,1,0,1,63,0,1,1,2,2,1,2,2,1,0,1,36.1,0
32,0,1,1,25,1,1,2,1,2,1,2,1,2,1,1,65.8,0
33,1,1,1,18,1,0,0,0,0,0,0,0,1,0,1,20.35,0
34,1,0,1,28,2,2,2,1,2,1,1,1,2,1,3,105.8,1
35,1,1,1,53,1,2,1,1,2,1,2,1,1,1,2,96.75,0
36,0,1,1,35,1,2,2,1,1,2,1,1,1,1,1,102.35,0
37,0,1,1,1,0,1,2,2,2,2,2,2,2,0,2,24.4,0
38,0,0,1,70,2,2,1,1,1,1,1,1,1,0,0,115.65,1
39,0,1,1,2,1,2,2,2,1,1,2,2,2,1,3,79.85,1
40,0,0,1,26,1,1,2,1,2,1,1,1,2,1,3,73.05,0
41,0,1,1,34,1,1,1,1,2,2,2,1,1,0,3,64.35,0
42,0,1,0,19,1,0,0,0,0,0,0,0,0,0,2,20.5,0
43,0,1,1,15,2,2,2,2,2,2,2,2,2,1,2,76.0,1
44,0,0,0,62,1,1,1,2,1,2,2,2,1,0,0,54.75,0
45,1,1,1,42,2,2,2,1,1,2,1,1,2,1,1,104.75,1
46,0,1,1,9,1,1,1,1,2,2,1,1,2,1,3,74.65,0
47,0,1,1,24,1,1,1,2,2,2,2,2,2,1,3,51.15,0
48,1,0,1,68,0,1,1,1,1,2,2,2,0,1,3,41.95,0
49,0,0,0,31,1,1,2,2,1,1,2,2,2,0,2,54.35,0
50,0,1,1,1,1,1,2,2,2,2,2,1,2,1,3,56.25,1
51,0,0,1,21,2,2,2,2,1,1,1,1,2,1,3,106.1,1
52,0,0,1,63,1,2,2,1,2,2,1,1,1,1,3,96.0,1
53,1,1,1,2,1,2,2,2,2,2,2,1,2,1,1,79.75,1
54,0,0,0,61,0,1,2,1,1,1,1,1,0,1,1,61.45,0
55,0,1,1,1,1,2,2,2,2,2,2,2,2,0,3,68.65,1
56,0,1,1,18,1,0,0,0,0,0,0,0,1,0,2,19.65,0
57,0,0,0,6,1,0,0,0,0,0,0,0,1,0,0,19.0,0
58,0,1,1,33,2,2,2,1,2,2,1,1,2,1,3,100.0,1
59,0,1,1,16,1,0,0,0,0,0,0,0,2,0,1,20.25,0
60,0,0,1,56,1,2,2,2,1,1,1,1,2,1,3,98.7,0
61,0,1,0,23,1,0,0,0,0,0,0,0,1,0,2,19.8,0
62,0,1,1,9,1,2,2,2,1,2,2,2,2,1,3,73.8,1
63,1,0,1,14,2,2,2,1,2,2,1,1,2,1,3,100.2,1
64,0,0,0,15,2,2,2,2,2,2,2,2,2,1,1,74.9,1
65,0,1,1,5,1,0,0,0,0,0,0,0,2,0,0,20.05,0
66,0,0,1,61,2,2,1,1,2,2,1,1,2,1,3,106.2,0
67,0,0,0,70,2,2,1,1,1,1,1,1,0,1,0,116.55,0
68,0,1,1,15,2,2,1,2,2,2,1,1,2,1,3,99.7,1
69,0,0,0,8,1,0,0,0,0,0,0,0,0,0,2,19.7,0
70,0,0,0,8,1,0,0,0,0,0,0,0,0,0,2,19.5,0
71,0,1,1,4,0,1,1,2,2,2,2,2,2,1,2,29.15,1
72,0,1,1,34,1,1,1,1,2,2,2,2,1,0,2,55.0,0
73,0,0,1,68,2,1,1,1,1,1,1,1,0,1,0,90.8,0
74,0,0,0,45,0,1,2,1,1,1,2,1,1,0,1,51.0,0
75,1,1,1,9,2,2,2,2,1,2,1,2,2,1,3,90.1,1
76,0,1,1,22,2,1,1,2,2,1,2,2,2,1,2,59.05,0
77,0,1,1,2,1,0,0,0,0,0,0,0,2,0,2,20.3,0
78,0,0,1,70,2,1,2,1,1,1,1,2,0,0,1,72.95,0
79,0,1,0,10,2,1,1,2,1,1,2,1,1,0,0,73.55,0
80,0,1,1,72,2,1,1,2,1,1,1,1,0,0,0,84.3,0
81,0,0,0,49,1,1,2,1,1,2,1,1,1,0,0,78.0,0
82,1,1,1,54,2,1,2,1,2,1,1,2,1,0,2,72.1,0
83,0,1,1,71,2,2,1,1,1,2,1,1,0,1,0,106.75,0
84,0,1,1,22,1,0,0,0,0,0,0,0,1,1,2,19.25,0
85,0,0,0,50,1,0,0,0,0,0,0,0,0,0,0,20.55,0
86,0,0,0,43,1,0,0,0,0,0,0,0,1,0,2,20.0,0
87,0,0,0,45,2,0,0,0,0,0,0,0,0,1,0,24.65,0
88,1,1,1,64,2,2,1,1,2,2,1,1,2,1,1,103.5,0
89,0,0,0,23,2,0,0,0,0,0,0,0,0,0,2,23.85,0
90,0,0,1,68,2,0,0,0,0,0,0,0,0,0,0,25.8,0
91,0,1,1,1,1,2,2,2,2,2,2,2,2,1,3,70.85,1
92,0,1,1,2,1,2,2,2,2,2,2,2,2,1,0,69.8,1
93,0,1,1,26,1,1,2,2,2,1,1,2,1,0,0,59.45,0
94,0,0,1,55,0,1,2,2,1,1,1,1,2,1,1,54.55,0
95,0,1,1,14,1,0,0,0,0,0,0,0,2,1,3,20.05,0
96,0,0,1,71,1,1,1,2,1,1,1,1,0,1,3,82.55,0
97,0,1,1,64,2,1,1,1,1,1,1,2,1,0,3,81.25,0
98,0,1,1,7,1,1,2,2,2,1,1,1,2,1,0,70.75,0
99,0,1,1,57,1,1,1,1,1,1,1,2,0,1,0,74.3,0
100,0,0,1,13,2,2,2,1,1,2,1,2,2,0,3,94.1,1
101,0,0,0,3,0,1,1,2,2,2,2,2,2,0,0,29.7,0
102,1,0,1,72,2,2,2,1,1,1,1,1,0,0,0,109.7,0
103,0,0,0,40,2,2,2,1,1,2,1,2,2,1,0,96.35,1
104,0,0,1,14,2,1,2,2,2,1,1,2,2,1,0,66.6,0
105,0,0,0,2,1,1,2,2,2,2,2,2,2,1,3,44.5,1
106,1,1,1,66,2,2,2,1,1,1,1,1,1,0,0,110.9,0
107,0,0,1,38,2,2,2,2,1,1,1,1,2,1,3,105.0,1
108,0,1,0,1,0,1,2,2,2,2,2,2,2,1,3,25.3,1
109,0,1,1,22,1,1,2,1,2,1,2,2,1,1,0,55.15,0
110,0,1,1,1,1,0,0,0,0,0,0,0,2,1,2,20.1,1
111,0,1,1,5,1,2,2,2,2,2,1,2,2,1,2,80.1,1
112,0,0,0,29,2,1,1,2,2,1,1,2,1,0,1,69.05,0
113,0,0,0,1,1,2,2,2,2,2,2,2,2,1,2,69.9,1
114,0,1,1,3,1,0,0,0,0,0,0,0,2,0,2,20.4,0
115,0,0,0,71,1,0,0,0,0,0,0,0,0,0,0,19.7,0
116,0,1,0,9,1,1,2,1,2,2,2,2,2,1,3,50.1,0
117,0,1,1,43,2,2,2,1,2,2,1,1,2,1,3,101.4,1
118,0,1,1,48,2,1,1,1,1,2,1,1,1,1,0,83.45,0
119,0,1,1,26,2,2,1,1,2,2,2,2,2,1,0,86.65,1
120,0,1,1,9,1,0,0,0,0,0,0,0,2,0,1,20.15,1
121,0,1,1,1,1,2,2,2,2,2,2,1,2,1,3,80.8,1
122,0,0,0,46,1,0,0,0,0,0,0,0,0,0,0,19.4,0
123,0,1,1,2,2,1,2,2,2,2,2,1,2,0,1,62.05,0
124,1,1,1,1,2,2,2,2,2,2,2,2,2,1,3,76.45,1
125,0,0,0,64,0,1,1,2,1,1,1,1,0,1,1,60.05,0
126,1,1,1,12,2,2,2,1,2,2,1,2,2,1,3,91.3,1
127,1,0,1,6,1,2,2,2,1,2,1,1,2,1,3,95.75,1
128,0,0,1,59,1,0,0,0,0,0,0,0,1,0,2,20.35,0
129,0,1,1,7,1,2,2,1,2,2,1,1,1,1,2,94.05,1
130,1,0,1,72,2,1,1,1,1,2,1,1,0,1,0,84.1,0
131,1,1,1,16,1,2,2,2,2,2,2,1,2,1,3,78.75,0
132,0,0,1,25,2,1,2,2,1,2,2,2,2,0,0,55.55,0
133,0,0,1,34,2,1,1,1,2,1,2,2,2,0,3,62.65,0
134,0,1,1,1,2,2,2,2,2,2,2,2,2,1,3,74.5,1
135,0,0,0,10,2,2,2,1,1,2,1,1,2,1,0,102.1,1
136,0,0,1,24,1,0,0,0,0,0,0,0,1,0,2,20.1,0
137,0,0,0,10,2,1,1,1,2,2,1,2,1,0,3,70.3,0
138,0,0,1,69,1,1,1,1,2,2,2,2,1,1,0,53.65,0
139,0,1,1,57,1,0,0,0,0,0,0,0,0,0,2,20.75,0
140,0,0,0,50,1,2,2,1,1,1,1,1,1,1,1,103.4,0
141,0,0,0,28,0,1,1,2,1,1,1,2,1,0,2,50.8,0
142,0,1,1,16,1,1,1,2,2,2,2,2,2,1,3,50.15,0
143,0,1,1,25,1,1,1,1,2,1,1,1,2,1,2,79.0,0
144,1,0,1,3,1,2,2,1,2,2,2,2,2,1,1,74.6,1
145,0,0,1,61,2,2,2,2,2,2,1,1,1,1,1,96.5,0
146,0,1,1,2,1,0,0,0,0,0,0,0,2,0,2,20.1,0
147,0,0,0,51,1,0,0,0,0,0,0,0,1,0,2,19.4,0
148,0,0,0,71,1,1,1,2,1,2,1,1,0,0,0,77.55,0
149,0,0,0,20,1,0,0,0,0,0,0,0,2,0,2,20.05,0
150,0,0,0,6,1,0,0,0,0,0,0,0,2,0,0,19.85,0
151,0,1,1,6,1,0,0,0,0,0,0,0,2,0,2,20.2,0
152,0,1,1,29,2,1,1,1,2,1,2,2,2,0,2,67.45,0
153,0,1,1,36,1,0,0,0,0,0,0,0,0,1,0,18.55,0
154,0,1,1,28,0,1,2,2,1,2,2,2,2,1,2,29.75,0
155,0,0,1,7,2,2,2,2,2,2,1,2,2,1,3,86.5,1
156,0,1,1,63,2,0,0,0,0,0,0,0,0,0,2,24.2,0
157,0,0,0,48,2,0,0,0,0,0,0,0,0,0,2,23.55,0
158,0,0,1,49,1,0,0,0,0,0,0,0,1,0,1,20.45,0
159,1,1,1,27,2,2,2,1,2,2,2,2,2,1,3,81.45,1
160,0,0,1,72,2,1,1,1,1,1,1,1,0,0,0,92.3,0
161,0,0,1,1,1,2,2,2,2,2,2,2,2,1,3,69.15,1
162,0,0,0,72,0,1,2,1,2,1,1,1,0,0,0,53.65,0
163,0,1,1,47,0,1,1,1,2,1,2,2,1,0,0,39.65,0
164,0,1,1,1,1,1,2,2,2,2,1,2,2,1,3,54.65,1
165,0,1,1,36,2,2,2,1,1,2,1,1,1,1,1,104.8,0
166,0,0,0,43,0,1,2,1,2,2,2,2,2,0,0,29.3,1
167,1,0,1,27,2,1,2,1,1,1,1,1,2,0,3,83.85,0
168,0,1,1,9,1,2,2,2,2,2,2,1,2,1,3,79.55,1
169,0,1,1,38,2,2,2,2,1,1,1,1,2,1,3,103.65,1
170,1,1,1,35,2,2,1,2,2,2,1,1,2,1,3,99.05,1
171,0,0,0,0,2,1,2,1,1,1,1,2,0,0,2,73.35,0
172,0,0,1,59,1,2,2,1,2,1,1,1,0,1,2,100.05,0
173,0,1,1,27,1,0,0,0,0,0,0,0,0,0,0,20.35,0
174,1,1,1,2,1,1,2,2,2,2,2,2,2,0,3,43.95,1
175,0,1,1,7,2,0,0,0,0,0,0,0,2,0,2,23.5,1
176,0,1,1,36,2,1,2,1,2,1,2,1,1,1,2,70.7,0
177,0,0,0,41,2,2,1,1,2,2,1,2,2,1,1,94.3,0
178,0,1,1,13,0,1,2,1,2,2,2,2,2,0,3,29.15,1
179,0,1,0,19,1,0,0,0,0,0,0,0,0,0,0,20.85,0
180,0,0,1,60,0,1,1,1,2,1,2,2,0,0,1,37.7,0
181,0,1,0,48,1,2,2,1,1,1,1,2,0,1,2,95.5,0
182,1,1,1,3,2,2,2,2,1,2,1,2,2,0,3,91.05,1
183,0,0,1,69,2,2,2,1,2,1,1,2,0,1,2,92.45,0
184,0,1,1,43,0,1,2,2,1,1,2,1,1,0,3,44.15,0
185,0,1,0,11,0,1,1,2,2,1,2,2,1,1,2,36.05,0
186,0,0,1,45,1,1,2,2,1,2,2,2,2,1,0,50.25,0
187,0,0,1,72,2,2,2,1,1,1,1,1,0,1,0,109.75,0
188,1,0,1,2,2,2,2,2,1,2,2,2,2,0,3,79.2,1
189,0,0,0,12,1,0,0,0,0,0,0,0,0,0,1,20.3,0
190,0,0,0,67,2,2,2,1,1,1,1,1,1,1,0,112.35,0
191,0,0,1,37,2,2,2,2,1,1,1,2,0,0,2,94.3,0
192,0,1,1,39,0,1,1,1,2,1,2,2,1,0,1,41.15,0
193,0,1,1,41,2,1,1,2,1,1,2,1,2,1,1,74.65,0
194,0,1,1,25,0,1,2,2,1,2,1,1,2,1,3,48.25,0
195,0,0,0,8,2,1,1,1,2,1,2,1,0,1,0,76.15,0
196,0,0,0,71,2,1,1,1,1,1,2,2,0,0,2,71.1,0
197,0,1,1,5,2,2,2,1,1,2,2,1,2,0,3,96.55,1
198,0,1,1,30,2,1,1,2,1,2,1,1,1,1,0,79.3,0
199,0,1,1,40,1,2,2,1,2,1,2,1,1,1,0,89.6,0
200,0,1,1,54,1,0,0,0,0,0,0,0,0,1,2,20.5,0
201,0,0,1,72,2,2,2,1,1,2,1,1,0,1,1,106.3,0
202,0,0,0,28,1,2,2,1,1,2,1,1,1,0,1,100.35,0
203,0,0,0,18,1,2,2,2,2,1,2,1,2,1,3,85.6,1
204,0,1,1,2,0,1,2,2,2,2,1,1,2,1,3,45.25,1
205,0,0,0,59,2,2,2,1,1,2,1,1,1,1,3,106.15,1
206,0,0,0,22,1,1,2,2,2,1,2,2,2,1,3,51.1,0
207,0,1,1,1,1,0,0,0,0,0,0,0,2,0,2,19.9,1
208,1,0,1,72,2,0,0,0,0,0,0,0,0,1,0,25.7,0
209,1,1,1,14,2,2,2,2,2,2,2,2,2,1,3,74.3,1
210,0,0,1,50,2,2,2,2,2,1,1,1,1,0,3,99.4,0
211,0,0,0,48,1,1,1,2,1,1,1,2,1,0,1,69.7,0
212,0,0,0,49,2,2,2,1,2,2,1,1,2,1,3,98.35,1
213,0,0,0,28,1,2,2,2,1,2,1,2,2,0,3,85.45,1
214,1,1,1,68,2,2,2,1,1,2,2,1,2,1,3,95.9,1
215,0,1,1,13,2,2,2,2,2,1,1,1,2,0,3,100.75,1
216,0,1,1,11,2,2,2,2,1,2,1,2,2,1,3,89.2,1
217,0,0,1,3,2,2,2,2,2,2,2,2,2,1,0,74.1,1
218,1,0,1,57,2,2,2,2,1,2,1,1,2,0,3,100.6,1
219,0,1,1,3,2,2,2,2,2,2,2,2,2,0,2,75.0,1
220,0,0,1,72,2,0,0,0,0,0,0,0,0,0,0,25.75,0
221,0,0,0,70,2,1,2,1,1,1,1,1,0,1,3,84.1,0
222,0,0,0,49,2,1,2,1,2,1,1,1,0,0,1,79.3,0
223,1,0,1,67,2,2,1,2,1,2,1,1,1,1,0,107.05,0
224,0,1,1,46,1,0,0,0,0,0,0,0,0,0,1,20.05,0
225,1,1,1,64,1,1,1,1,2,1,1,2,0,1,0,70.2,0
226,0,0,1,37,1,0,0,0,0,0,0,0,2,0,1,19.5,0
227,1,1,1,2,1,2,2,2,2,2,2,2,2,0,3,70.75,1
228,1,0,1,13,0,1,2,2,2,2,1,1,2,0,3,45.3,1
229,0,0,1,72,2,2,1,1,1,1,1,1,0,0,3,115.15,0
230,0,0,0,68,1,1,2,2,1,1,1,1,0,1,1,72.95,0
231,0,0,0,15,1,0,0,0,0,0,0,0,1,0,2,19.65,0
232,0,1,1,24,1,0,0,0,0,0,0,0,0,1,1,19.55,0
233,0,1,1,24,2,2,2,2,2,1,2,1,2,1,3,89.55,1
234,0,1,1,27,1,1,1,2,2,2,2,2,2,0,2,50.35,0
235,0,1,1,12,1,1,2,2,2,1,2,2,2,0,1,50.25,0
236,0,0,0,71,1,1,1,1,1,1,1,1,0,0,0,87.25,0
237,0,0,0,67,1,0,0,0,0,0,0,0,0,1,2,20.8,0
238,0,0,1,63,2,2,2,1,1,1,1,1,0,1,1,109.25,0
239,0,1,1,1,1,0,0,0,0,0,0,0,2,0,2,20.35,0
240,0,1,1,4,1,1,2,2,2,2,2,1,2,1,3,55.9,1
241,1,1,1,40,1,2,1,1,2,2,2,2,2,1,0,79.2,1
242,0,1,1,12,1,2,2,2,1,2,1,1,2,1,3,96.0,1
243,0,0,0,52,1,1,1,1,1,2,1,1,0,0,3,79.2,0
244,0,1,1,10,2,0,0,0,0,0,0,0,2,1,3,24.0,0
245,0,1,1,68,2,2,1,1,1,2,1,2,1,0,1,101.35,0
246,0,1,1,54,2,2,2,2,2,1,1,1,2,1,3,100.1,0
247,0,0,0,4,1,1,2,1,2,1,2,2,2,0,2,56.5,0
248,0,0,1,52,0,1,1,2,1,2,2,2,1,0,2,35.45,0
249,1,1,1,1,1,2,2,2,1,2,2,1,2,1,3,85.0,1
250,0,0,1,70,2,1,1,1,1,1,1,2,1,0,1,79.4,0
251,0,1,1,43,0,1,1,2,1,2,2,2,1,1,0,35.2,0
252,0,1,1,52,1,0,0,0,0,0,0,0,0,0,2,19.65,0
253,0,1,1,12,0,1,1,2,1,1,2,1,0,0,2,49.85,0
254,0,0,0,56,2,1,1,1,2,2,2,1,1,0,1,68.75,0
255,0,1,0,0,2,1,1,1,2,1,2,2,0,1,1,61.9,0
256,0,1,1,42,2,2,2,2,1,2,2,2,2,0,3,79.9,0
257,1,0,1,22,1,2,2,2,2,2,1,1,2,1,1,89.75,1
258,0,0,0,51,0,1,1,1,1,2,1,1,1,0,3,59.3,0
259,0,1,1,27,1,0,0,0,0,0,0,0,2,1,0,19.4,0
260,1,0,1,51,2,2,1,2,1,2,2,1,1,1,1,93.65,0
261,0,1,0,4,1,1,1,2,2,2,2,2,2,1,3,49.4,1
262,0,1,1,1,1,0,0,0,0,0,0,0,2,1,2,19.9,1
263,0,1,1,35,1,1,2,2,2,2,1,2,2,0,2,55.0,0
264,1,0,0,71,2,1,2,1,1,1,2,1,1,1,1,72.9,0
265,0,1,1,1,1,2,2,2,2,2,2,2,2,1,3,69.2,1
266,0,0,0,69,2,0,0,0,0,0,0,0,0,1,1,25.6,0
267,0,0,0,14,1,0,0,0,0,0,0,0,1,0,2,19.75,0
268,0,0,1,57,1,1,1,2,2,1,2,2,2,0,3,55.7,0
269,0,0,0,72,2,2,1,1,1,1,1,1,0,0,0,117.5,0
270,0,1,1,48,1,0,0,0,0,0,0,0,0,0,0,19.85,0
271,0,0,0,4,1,2,2,2,2,2,1,2,2,1,2,78.9,1
272,0,0,0,31,1,0,0,0,0,0,0,0,2,1,3,20.65,0
273,0,1,1,38,1,1,2,2,1,1,2,1,1,1,2,62.3,0
274,1,0,1,37,2,2,2,2,2,2,1,1,2,1,3,92.5,1
275,0,1,1,1,1,0,0,0,0,0,0,0,2,0,2,19.65,1
276,1,1,1,57,2,1,2,1,1,2,1,1,0,1,1,79.75,0
277,1,0,1,62,1,1,1,2,1,1,1,1,0,1,0,79.95,0
278,0,0,1,3,0,1,2,2,2,1,2,2,2,1,3,29.9,0
279,0,1,0,72,1,0,0,0,0,0,0,0,0,1,2,19.75,0
280,0,1,0,29,0,1,1,1,1,1,2,2,2,1,2,45.0,0
281,0,0,0,13,1,1,2,2,2,2,2,2,2,0,1,44.8,0
282,0,1,0,3,1,2,2,2,2,2,2,2,2,0,3,69.65,1
283,0,1,1,11,1,1,2,1,2,2,2,2,2,0,3,51.1,0
284,0,1,0,21,0,1,1,1,1,1,1,2,0,0,2,53.15,0
285,0,1,1,19,2,0,0,0,0,0,0,0,2,0,1,24.7,0
286,0,1,1,61,2,2,1,2,1,1,1,1,0,1,0,111.6,0
287,0,1,1,11,1,1,1,2,2,2,2,2,2,0,0,48.55,0
288,0,0,0,35,2,2,2,1,1,1,1,1,2,1,3,109.95,0
289,0,1,0,25,1,0,0,0,0,0,0,0,2,0,2,20.8,0
290,0,1,1,1,1,0,0,0,0,0,0,0,2,1,2,20.2,1
291,0,1,1,67,2,0,0,0,0,0,0,0,0,1,1,25.6,0
292,0,1,1,19,0,1,2,2,1,2,1,2,2,1,3,39.65,1
293,0,1,1,56,2,0,0,0,0,0,0,0,1,0,3,24.9,0
294,0,0,0,72,2,2,1,1,1,2,1,1,0,1,0,108.4,0
295,0,1,1,43,1,0,0,0,0,0,0,0,0,0,2,19.55,0
296,0,0,0,55,2,2,1,1,2,2,2,2,2,1,3,85.1,0
297,0,0,0,2,2,1,1,2,2,2,2,2,2,0,2,56.7,0
298,0,1,1,27,1,2,2,2,2,2,2,2,2,1,2,69.05,0
299,0,1,1,13,1,2,2,2,2,2,2,2,2,1,2,70.15,1
300,0,1,1,70,2,2,1,1,1,2,1,1,0,1,2,111.15,0
301,0,0,1,14,1,2,1,1,2,1,1,1,1,0,2,105.95,1
302,0,0,0,19,2,2,2,2,2,1,2,1,1,1,1,89.35,0
303,0,1,1,20,2,2,1,2,2,2,1,2,2,1,1,89.1,1
304,0,0,0,43,2,2,1,2,1,1,2,2,1,1,0,91.25,0
305,0,0,0,5,1,2,1,2,1,2,2,1,2,1,2,90.35,1
306,1,0,1,70,2,2,2,1,2,1,1,1,1,1,1,105.55,0
307,0,0,1,40,1,0,0,0,0,0,0,0,0,0,2,19.1,0
308,0,0,0,6,1,0,0,0,0,0,0,0,0,1,0,20.4,0
309,0,1,1,39,1,2,1,2,1,2,1,1,0,1,3,100.45,0
310,1,0,1,4,2,2,2,2,2,2,2,2,2,0,3,74.95,1
311,0,1,1,15,0,1,2,2,2,1,2,2,2,1,3,29.7,1
312,0,0,1,1,0,1,2,2,1,2,1,1,2,1,3,50.35,1
313,1,1,1,45,1,2,1,1,2,1,2,2,2,1,1,85.7,0
314,0,0,1,64,0,1,1,2,1,1,2,1,0,0,3,47.85,0
315,1,0,1,57,2,2,2,1,1,2,2,1,2,0,0,94.0,0
316,0,0,0,72,2,1,1,1,1,1,2,2,0,0,1,69.85,0
317,0,1,1,1,1,2,2,2,2,2,2,2,2,1,3,70.3,1
318,0,0,1,72,2,0,0,0,0,0,0,0,0,0,0,25.85,0
319,0,1,1,3,1,1,1,1,2,1,2,1,0,0,2,71.1,0
320,1,1,1,55,2,2,1,2,2,2,1,1,2,1,3,98.8,1
321,0,0,1,59,2,2,2,2,1,1,1,2,2,0,3,93.35,0
322,0,1,1,18,2,2,2,2,2,1,1,1,2,1,1,99.85,1
323,1,0,1,32,1,2,2,2,2,2,2,1,2,1,0,80.3,0
324,0,1,1,4,1,1,1,2,2,2,2,2,2,1,1,50.55,0
325,1,1,1,66,2,2,2,1,2,2,2,2,2,1,0,80.45,0
326,0,1,1,27,2,2,2,2,1,2,2,2,2,1,3,81.3,1
327,0,1,1,4,1,0,0,0,0,0,0,0,2,1,0,20.7,0
328,0,0,0,60,1,1,1,1,2,1,1,1,2,1,0,79.05,0
329,0,0,0,8,1,0,0,0,0,0,0,0,0,0,2,19.05,0
330,0,0,0,8,1,0,0,0,0,0,0,0,0,0,0,19.6,0
331,0,1,1,35,1,0,0,0,0,0,0,0,0,1,2,20.2,0
332,0,1,1,7,2,2,2,2,2,2,2,1,2,1,3,86.8,1
333,0,0,0,53,1,0,0,0,0,0,0,0,0,0,2,20.9,0
334,1,1,1,18,2,2,2,1,2,1,1,1,2,1,0,103.6,0
335,0,1,1,15,0,1,2,1,2,2,2,1,0,1,2,38.8,0
336,0,0,1,67,2,2,2,1,2,2,1,2,1,1,1,88.4,0
337,1,0,1,6,1,2,2,1,2,2,2,1,2,1,3,84.2,1
338,1,1,1,6,1,2,2,2,2,2,1,2,2,1,3,79.7,1
339,0,1,1,13,2,2,2,2,2,1,1,1,2,1,2,99.0,1
340,0,1,1,11,2,2,2,2,1,2,1,1,2,1,3,100.75,1
341,0,1,0,1,1,0,0,0,0,0,0,0,2,1,2,19.3,1
342,0,1,1,5,1,1,1,2,2,1,2,2,2,1,2,55.75,0
343,0,1,1,13,1,0,0,0,0,0,0,0,1,1,2,19.95,0
344,0,0,1,9,2,2,1,1,1,2,2,2,2,0,1,91.75,1
345,0,1,1,29,1,2,2,1,2,1,1,2,2,0,2,89.65,1
346,1,1,1,1,1,1,2,2,2,2,2,2,2,1,2,45.85,1
347,0,1,1,1,2,2,2,2,1,2,2,2,2,1,2,79.55,1
348,0,0,0,18,1,1,2,2,2,2,1,2,2,0,2,55.95,0
349,0,0,1,2,1,1,2,2,1,2,1,1,2,0,0,69.0,1
350,0,0,0,30,2,2,2,1,2,1,2,2,2,1,1,83.55,0
351,0,1,0,66,2,1,1,1,2,1,2,2,0,0,1,65.7,0
352,0,0,0,38,2,2,2,2,1,1,1,2,0,1,1,94.9,0
353,0,0,0,44,1,1,2,1,1,1,2,2,2,1,2,61.9,0
354,0,1,1,54,2,2,2,1,1,1,1,1,2,0,3,111.1,0
355,0,1,1,2,1,0,0,0,0,0,0,0,2,0,2,20.0,0
356,0,1,1,42,1,1,1,1,2,1,2,1,1,1,2,67.7,0
357,0,0,0,58,2,0,0,0,0,0,0,0,0,0,0,25.15,0
358,0,0,0,58,1,2,2,1,2,2,1,1,2,1,3,92.85,0
359,0,0,0,25,2,2,2,2,1,2,2,1,2,1,3,89.1,1
360,0,1,1,71,2,2,1,1,1,1,1,1,0,0,2,111.3,0
361,0,1,1,37,2,2,2,1,1,2,1,1,2,1,1,101.9,1
362,0,0,0,14,2,2,2,2,2,1,1,2,2,1,3,91.65,1
363,1,1,1,4,2,2,2,2,1,2,2,1,2,1,3,88.85,1
364,0,0,1,48,2,1,1,2,2,1,2,2,1,1,1,60.6,0
365,1,1,1,3,0,1,2,2,2,2,2,2,2,0,3,25.3,1
366,0,0,1,8,1,1,1,2,2,1,2,1,0,0,2,65.5,0
367,0,1,1,1,2,2,2,2,2,2,1,1,2,1,3,95.45,1
368,0,1,1,67,1,0,0,0,0,0,0,0,0,0,1,19.95,0
369,0,1,1,13,1,2,2,2,2,2,1,1,2,1,3,91.1,1
370,0,0,0,45,1,1,2,1,2,1,2,2,1,1,0,54.15,0
371,0,1,1,49,2,2,2,2,2,2,2,2,2,1,1,74.6,0
372,0,0,1,52,2,2,2,1,1,2,1,2,2,0,1,94.6,1
373,0,0,1,63,1,2,1,2,1,2,2,2,1,1,0,81.15,0
374,0,0,0,68,2,1,1,1,1,1,1,1,0,1,1,89.05,0
375,0,0,1,31,1,1,2,2,2,1,2,2,2,1,2,49.2,0
376,0,0,1,64,1,0,0,0,0,0,0,0,0,0,0,19.45,0
377,0,0,1,62,1,2,1,2,1,1,1,1,1,1,3,104.3,0
378,0,1,1,1,1,2,2,2,2,2,2,2,2,0,1,69.7,1
379,0,1,1,6,1,2,2,2,2,2,1,1,2,1,3,89.5,1
380,0,0,1,21,1,2,2,2,2,1,1,2,2,1,3,86.05,0
381,0,0,0,72,2,0,0,0,0,0,0,0,0,0,1,25.2,0
382,0,0,0,32,0,1,1,1,2,2,2,2,2,1,3,35.15,0
383,1,1,1,71,2,2,1,1,2,1,1,2,1,1,0,99.65,0
384,0,1,0,34,1,2,1,1,1,2,1,1,2,1,1,105.35,0
385,0,0,1,3,0,1,2,2,2,2,2,1,2,1,3,35.15,1
386,0,1,0,12,2,2,2,2,2,2,2,2,2,1,0,73.75,1
387,1,1,1,8,2,2,2,2,1,2,1,1,2,0,3,101.35,1
388,0,0,0,35,2,0,0,0,0,0,0,0,0,0,1,24.3,0
389,0,0,0,3,1,2,2,2,2,2,1,2,2,1,3,80.7,1
390,0,1,1,3,1,2,2,2,1,1,1,2,2,1,2,89.85,1
391,0,1,1,53,1,1,2,2,1,2,2,1,1,1,3,61.1,0
392,0,0,1,4,0,1,1,2,2,2,2,2,2,1,3,29.05,1
393,0,0,0,48,1,2,1,2,1,2,1,1,1,1,1,99.7,0
394,0,0,0,6,1,1,1,1,2,2,2,2,2,0,0,55.9,0
395,1,0,1,3,2,2,2,1,1,2,1,1,2,1,3,105.9,1
396,0,0,0,54,0,1,2,2,1,1,2,1,0,0,0,46.0,0
397,0,1,1,1,1,1,2,2,2,2,2,2,2,0,2,43.95,1
398,0,1,1,62,1,1,2,1,1,1,1,1,2,1,1,80.4,0
399,0,0,0,22,1,2,2,1,1,2,1,1,1,1,2,100.05,1
400,0,1,1,1,1,1,2,2,2,2,2,2,2,1,1,45.1,1
401,1,1,1,51,1,2,2,2,1,2,1,1,1,1,1,94.0,0
402,0,1,1,30,2,1,2,1,1,2,1,2,1,1,0,68.95,0
403,1,0,1,56,2,1,1,1,1,1,2,2,1,1,0,68.45,0
404,0,0,1,35,2,1,2,1,2,1,1,2,1,1,3,69.0,0
405,1,1,1,64,0,1,2,1,2,1,1,2,2,1,3,43.85,0
406,0,1,0,30,0,1,2,2,2,2,1,1,2,1,3,44.5,0
407,0,0,0,25,1,0,0,0,0,0,0,0,0,1,2,18.7,0
408,0,1,1,41,1,2,2,2,2,2,2,2,2,0,1,70.25,0
409,0,1,0,9,1,1,2,2,2,2,1,2,2,0,3,55.35,0
410,0,0,1,1,1,1,1,1,2,2,2,2,2,1,2,53.55,1
411,0,1,0,70,2,2,1,1,1,1,1,1,0,1,3,114.6,0
412,0,0,0,57,1,0,0,0,0,0,0,0,0,1,1,20.1,0
413,0,1,1,9,2,2,2,2,2,2,1,2,2,1,3,85.5,1
414,0,0,0,69,2,2,2,1,1,1,1,1,1,1,1,108.75,0
415,1,0,1,43,2,2,2,1,1,2,1,1,2,1,3,103.0,1
416,0,0,1,72,2,2,2,2,1,2,1,1,0,1,3,97.85,0
417,0,1,0,44,1,0,0,0,0,0,0,0,0,0,1,19.55,0
418,0,0,1,72,2,2,1,1,2,2,2,2,0,1,1,84.05,0
419,0,0,1,33,1,2,1,2,1,1,1,1,1,1,3,103.75,1
420,0,1,1,54,2,2,2,2,1,2,2,1,2,0,0,89.4,0
421,0,1,0,27,1,0,0,0,0,0,0,0,0,0,0,19.7,0
422,0,1,1,54,2,2,2,1,2,2,2,2,2,1,1,79.85,0
423,0,1,1,3,1,2,2,1,2,2,2,2,2,0,0,74.45,1
424,0,0,1,53,2,1,1,1,1,2,2,1,1,0,1,74.1,0
425,0,1,1,1,1,2,2,2,2,2,2,2,2,1,3,69.35,1
426,0,0,1,15,1,0,0,0,0,0,0,0,1,0,2,18.8,0
427,0,1,1,56,1,2,2,1,2,2,2,2,2,1,3,73.85,0
428,0,0,0,5,2,1,1,1,2,1,2,2,2,0,0,64.4,0
429,0,0,0,48,1,1,2,1,1,2,2,2,1,1,0,55.8,0
430,0,1,0,25,1,0,0,0,0,0,0,0,2,0,0,20.05,0
431,0,0,1,3,2,2,2,2,2,2,2,2,2,1,0,75.15,1
432,0,1,1,58,1,2,1,1,2,2,1,1,1,0,1,99.15,0
433,0,1,1,10,1,1,2,2,2,2,2,1,2,1,1,56.75,0
434,0,1,1,1,1,2,2,2,2,2,2,2,2,1,3,69.6,1
435,0,0,1,71,2,2,2,1,2,1,1,1,0,1,0,104.15,0
436,0,0,0,65,2,2,2,1,1,1,1,1,0,1,0,110.8,0
437,0,0,0,5,2,2,2,1,2,2,2,2,2,1,3,80.15,1
438,0,1,1,28,0,1,2,2,1,1,2,2,2,1,2,35.75,0
439,0,0,0,67,2,1,2,2,1,1,2,1,0,1,1,69.9,0
440,0,1,1,35,1,2,1,2,2,1,2,1,1,1,3,89.2,0
441,0,0,0,72,0,1,1,1,1,1,2,1,0,0,0,55.65,0
442,0,0,0,61,0,1,1,1,2,1,2,1,1,1,1,50.7,0
443,1,1,1,68,1,0,0,0,0,0,0,0,0,1,0,20.0,0
444,0,0,0,1,0,1,1,2,2,2,2,2,2,0,1,30.5,0
445,0,1,1,3,1,0,0,0,0,0,0,0,2,1,2,19.1,1
446,0,0,0,70,2,2,2,1,2,2,1,1,0,0,1,98.3,0
447,0,1,0,48,0,1,2,1,1,2,2,1,2,0,0,45.55,1
448,0,0,0,68,2,2,2,1,2,2,1,1,1,1,0,101.05,1
449,0,1,1,47,1,2,1,2,1,1,1,1,1,1,3,103.7,0
450,0,0,0,32,0,1,2,2,1,1,2,2,1,1,2,36.25,0
451,0,0,0,5,1,1,1,2,2,2,2,2,2,1,2,49.4,0
452,0,1,1,49,1,0,0,0,0,0,0,0,0,1,0,19.9,0
453,0,1,1,48,2,2,2,1,1,2,1,1,2,1,1,107.4,1
454,1,1,1,13,2,2,2,2,2,2,2,1,2,1,3,82.0,1
455,0,1,1,15,1,0,0,0,0,0,0,0,2,1,2,19.8,0
456,0,1,1,12,1,1,2,2,2,2,2,2,2,1,3,45.05,1
457,1,1,1,67,2,1,1,1,2,1,2,2,0,1,1,64.55,0
458,0,1,1,9,1,2,2,2,2,1,1,2,2,0,3,86.25,1
459,0,0,0,13,1,0,0,0,0,0,0,0,0,1,1,19.75,0
460,0,1,1,38,1,2,2,2,2,2,1,1,1,1,2,89.1,1
461,1,0,1,42,2,2,2,1,1,2,1,2,2,1,3,95.55,1
462,0,0,1,24,2,2,2,2,2,2,2,2,2,1,0,75.4,1
463,1,0,1,27,1,2,1,2,1,2,1,1,2,1,3,101.25,1
464,0,0,0,9,2,2,2,1,1,2,1,1,2,1,0,102.6,1
465,0,0,1,49,0,1,2,1,2,1,1,1,1,1,0,56.3,0
466,1,0,1,61,2,2,1,1,1,1,2,2,2,1,0,94.2,0
467,0,1,0,50,0,1,1,1,2,2,1,2,1,1,1,43.05,0
468,1,1,1,25,2,2,2,1,2,2,1,2,2,1,3,89.5,1
469,1,1,1,22,2,2,2,2,2,2,2,2,2,1,1,74.4,1
470,0,1,1,1,1,0,0,0,0,0,0,0,2,0,2,20.5,1
471,0,1,1,4,2,2,2,2,2,2,2,2,2,1,3,74.35,1
472,1,0,1,18,2,2,2,2,2,1,1,1,2,0,1,99.75,1
473,1,1,1,56,2,2,2,1,1,1,1,1,1,1,3,111.95,0
474,1,0,1,53,1,2,2,1,1,1,1,2,1,1,3,94.0,0
475,0,0,1,51,2,2,2,2,1,2,1,1,1,1,3,98.85,0
476,0,0,0,24,2,1,1,1,1,2,2,2,0,0,3,64.35,0
477,0,0,1,62,1,1,1,1,1,2,1,2,0,1,0,72.0,0
478,0,1,1,24,1,1,2,1,2,2,2,2,2,1,2,49.7,0
479,0,0,0,70,2,1,1,1,1,1,1,2,0,0,3,80.7,0
480,0,1,0,1,0,1,2,2,2,2,2,2,2,0,2,24.2,0
481,1,1,1,16,0,1,2,1,2,2,1,2,2,1,2,39.0,0
482,0,1,1,8,1,1,2,1,2,1,1,2,2,1,3,65.45,0
483,0,0,0,72,1,1,1,1,1,1,2,1,0,1,3,74.35,0
484,0,1,1,23,1,2,2,1,1,1,2,2,2,0,1,83.2,0
485,0,1,0,31,0,1,2,2,2,2,2,2,2,0,0,25.0,0
486,0,0,0,37,0,1,1,2,1,1,2,2,1,1,3,40.2,0
487,0,0,1,30,2,2,2,1,2,1,1,2,2,1,0,94.1,0
488,1,1,1,35,2,2,1,1,1,2,1,1,1,1,3,108.35,0
489,0,0,0,23,2,1,2,1,2,1,1,2,2,1,0,69.5,0
490,0,0,0,20,2,1,1,2,2,2,1,1,1,0,1,76.0,0
491,0,0,1,36,1,2,1,2,2,2,1,1,2,1,3,93.6,1
492,0,1,1,8,2,2,2,2,2,2,1,1,2,0,1,95.65,1
493,0,0,0,71,2,2,2,1,2,2,1,1,1,0,1,100.55,0
494,1,0,1,50,2,2,2,1,2,2,1,2,2,1,3,88.05,1
495,0,0,0,43,2,0,0,0,0,0,0,0,1,1,1,24.45,0
496,0,1,0,57,2,1,1,1,1,1,1,1,0,0,2,89.55,0
497,0,0,0,41,1,1,2,1,2,1,2,1,1,1,1,66.5,0
498,0,0,1,27,1,2,2,1,2,2,2,2,2,1,3,76.1,1
499,0,1,1,13,1,2,2,2,2,2,2,1,2,1,3,80.5,1
500,0,1,1,3,0,1,1,1,2,2,2,2,2,1,2,35.45,1
501,0,1,1,67,1,0,0,0,0,0,0,0,1,0,3,20.55,0
502,0,1,1,3,1,1,2,1,2,2,2,2,2,1,2,49.9,0
503,0,0,1,64,2,2,2,1,2,1,1,1,0,1,1,105.4,0
504,0,1,1,26,0,1,2,2,1,1,2,2,2,0,3,35.75,0
505,0,1,1,38,2,2,2,1,1,2,2,1,2,1,0,95.1,0
506,0,0,1,23,1,0,0,0,0,0,0,0,1,0,0,19.3,0
507,0,1,1,40,2,2,2,1,1,2,1,1,2,1,0,104.5,1
508,1,0,1,72,0,1,1,1,1,1,1,1,0,1,1,63.1,0
509,1,1,1,3,2,2,2,2,2,2,2,2,2,1,0,75.05,1
510,0,1,1,23,2,2,2,2,1,2,2,2,2,1,3,81.0,1
511,1,0,1,1,2,2,2,2,2,2,2,2,2,1,3,74.45,1
512,0,1,1,4,1,1,1,1,2,1,2,2,2,1,2,60.4,0
513,0,0,1,62,2,1,1,1,2,1,1,1,0,1,3,84.95,0
514,0,1,1,40,2,2,2,1,1,2,1,2,2,1,1,93.4,1
515,0,1,1,41,2,2,2,1,2,2,1,2,2,1,3,89.2,0
516,1,0,1,34,1,2,2,2,1,2,1,2,2,1,0,85.2,0
517,0,1,1,1,1,1,2,1,2,2,2,2,2,0,3,49.95,0
518,0,1,1,51,1,0,0,0,0,0,0,0,0,0,1,20.65,0
519,0,0,0,1,1,2,2,2,2,2,2,2,2,1,2,70.65,1
520,0,1,1,39,1,0,0,0,0,0,0,0,0,0,2,20.15,0
521,0,0,0,12,1,0,0,0,0,0,0,0,2,1,3,19.2,1
522,0,1,1,12,1,1,2,2,2,1,1,2,1,1,3,59.8,0
523,0,1,1,72,2,2,2,1,1,2,1,1,1,1,3,104.95,0
524,1,0,1,63,2,2,2,1,1,2,1,1,2,1,3,103.5,1
525,0,0,1,44,2,2,1,2,1,2,2,2,2,1,0,84.8,0
526,0,1,1,18,2,2,2,2,1,1,2,1,2,1,1,95.05,0
527,0,1,1,9,1,1,2,2,2,2,2,2,2,1,1,44.2,0
528,0,1,1,13,1,1,2,1,2,1,1,1,2,0,2,73.35,0
529,0,0,1,68,1,1,2,1,2,1,1,2,0,0,1,64.1,0
530,1,1,1,6,0,1,2,2,2,2,1,1,2,1,3,44.4,1
531,0,1,1,2,1,0,0,0,0,0,0,0,2,1,2,20.05,0
532,1,0,1,55,2,1,1,1,2,2,2,2,1,0,0,60.0,0
533,1,1,1,1,2,2,2,2,2,2,2,2,2,1,3,75.75,1
534,0,1,1,38,1,2,2,2,2,2,2,2,2,1,0,69.5,0
535,0,1,1,67,2,2,1,1,1,2,1,2,2,1,0,102.95,0
536,0,1,1,19,1,2,2,2,2,2,1,2,2,1,1,78.7,0
537,0,1,1,12,0,1,2,1,1,1,1,1,1,0,3,60.65,0
538,0,1,1,72,1,0,0,0,0,0,0,0,0,1,1,21.15,0
539,0,0,0,24,2,1,1,2,1,1,1,1,1,1,2,84.8,0
540,0,0,0,72,2,2,2,1,1,2,1,1,1,1,0,103.2,0
541,0,0,0,11,0,1,1,2,2,2,2,2,2,1,3,29.6,0
542,1,0,1,4,2,2,2,2,2,2,2,2,2,1,2,74.4,1
543,0,1,1,66,1,2,1,2,1,1,1,1,0,1,1,105.65,0
